Alphacoronavirus,Pteropus_alecto,1.0
Alphacoronavirus,Cynopterus_brachyotis,0.8
Alphacoronavirus,Artibeus_phaeotis,0.8
Alphacoronavirus,Myotis_septentrionalis,0.6
Alphacoronavirus,Uroderma_bilobatum,0.6
Alphacoronavirus,Pteronotus_davyi,0.6
Alphacoronavirus,Pteronotus_parnellii,0.6
Alphacoronavirus,Pteropus_scapulatus,0.6
Alphacoronavirus,Phyllostomus_hastatus,0.6
Alphacoronavirus,Rhinolophus_pusillus,0.6
Alphacoronavirus,Pteropus_lylei,0.4
Alphacoronavirus,Vespertilio_sinensis,0.4
Alphacoronavirus,Nyctalus_noctula,0.4
Alphacoronavirus,Mormoops_megalophylla,0.4
Alphacoronavirus,Molossus_molossus,0.4
Alphacoronavirus,Taphozous_perforatus,0.4
Alphacoronavirus,Lasiurus_cinereus,0.4
Alphacoronavirus,Pteropus_rufus,0.4
Alphacoronavirus,Taphozous_melanopogon,0.4
Alphacoronavirus,Nycteris_gambiensis,0.4
Alphacoronavirus,Pipistrellus_nathusii,0.4
Alphacoronavirus,Phyllostomus_discolor,0.4
Alphacoronavirus,Artibeus_cinereus,0.4
Alphacoronavirus,Dobsonia_moluccensis,0.4
Alphacoronavirus,Eumops_glaucinus,0.4
Alphacoronavirus,Eidolon_dupreanum,0.4
Alphacoronavirus,Rousettus_amplexicaudatus,0.4
Alphacoronavirus,Myotis_dasycneme,0.4
Alphacoronavirus,Nyctinomops_laticaudatus,0.4
Alphacoronavirus,Platyrrhinus_helleri,0.4
Alphacoronavirus,Pteropus_conspicillatus,0.4
Alphacoronavirus,Myotis_mystacinus,0.4
Alphacoronavirus,Myotis_keenii,0.4
Alphacoronavirus,Pteropus_vampyrus,0.4
Alphacoronavirus,Pteropus_poliocephalus,0.4
Alphacoronavirus,Plecotus_auritus,0.4
Alphacoronavirus,Barbastella_barbastellus,0.4
Alphacoronavirus,Pteropus_hypomelanus,0.4
Alphacoronavirus,Macroglossus_minimus,0.2
Alphacoronavirus,Eumops_patagonicus,0.2
Alphacoronavirus,Rhinolophus_cornutus,0.2
Alphacoronavirus,Eumops_auripendulus,0.2
Alphacoronavirus,Histiotus_velatus,0.2
Alphacoronavirus,Platyrrhinus_lineatus,0.2
Alphacoronavirus,Natalus_tumidirostris,0.2
Alphacoronavirus,Hipposideros_cineraceus,0.2
Alphacoronavirus,Eptesicus_furinalis,0.2
Alphacoronavirus,Carollia_subrufa,0.2
Alphacoronavirus,Cynopterus_horsfieldii,0.2
Alphacoronavirus,Diaemus_youngi,0.2
Alphacoronavirus,Natalus_stramineus,0.2
Alphacoronavirus,Chaerephon_plicatus,0.2
Alphacoronavirus,Myotis_yumanensis,0.2
Alphacoronavirus,Myotis_thysanodes,0.2
Alphacoronavirus,Saccolaimus_saccolaimus,0.2
Alphacoronavirus,Epomops_dobsonii,0.2
Alphacoronavirus,Hypsignathus_monstrosus,0.2
Alphacoronavirus,Chrotopterus_auritus,0.2
Alphacoronavirus,Rhinolophus_pearsonii,0.2
Alphacoronavirus,Pipistrellus_hesperus,0.2
Alphacoronavirus,Sturnira_tildae,0.2
Alphacoronavirus,Hipposideros_galeritus,0.2
Alphacoronavirus,Ia_io,0.2
Alphacoronavirus,Vespertilio_murinus,0.2
Alphacoronavirus,Lasiurus_egregius,0.2
Alphacoronavirus,Rhinolophus_mehelyi,0.2
Alphacoronavirus,Nycteris_thebaica,0.2
Alphacoronavirus,Artibeus_toltecus,0.2
Alphacoronavirus,Epomophorus_wahlbergi,0.2
Alphacoronavirus,Sturnira_ludovici,0.2
Alphacoronavirus,Epomops_franqueti,0.2
Alphacoronavirus,Lasiurus_seminolus,0.2
Alphacoronavirus,Glossophaga_commissarisi,0.2
Alphacoronavirus,Corynorhinus_townsendii,0.2
Alphacoronavirus,Rhinolophus_blasii,0.2
Alphacoronavirus,Rhynchonycteris_naso,0.2
Alphacoronavirus,Rhinolophus_creaghi,0.2
Alphacoronavirus,Philetor_brachypterus,0.2
Alphacoronavirus,Mimon_crenulatum,0.2
Alphacoronavirus,Megaerops_niphanae,0.2
Alphacoronavirus,Tylonycteris_pachypus,0.2
Alphacoronavirus,Nyctinomops_macrotis,0.2
Alphacoronavirus,Hipposideros_speoris,0.2
Alphacoronavirus,Tadarida_teniotis,0.2
Alphacoronavirus,Micronycteris_megalotis,0.2
Alphacoronavirus,Pipistrellus_hesperidus,0.2
Alphacoronavirus,Rhinonicteris_aurantia,0.2
Alphacoronavirus,Euderma_maculatum,0.2
Alphacoronavirus,Lasiurus_xanthinus,0.2
Alphacoronavirus,Myotis_austroriparius,0.2
Alphacoronavirus,Myotis_californicus,0.2
Alphacoronavirus,Myotis_levis,0.2
Alphacoronavirus,Rhinolophus_rouxii,0.2
Alphacoronavirus,Histiotus_montanus,0.2
Alphacoronavirus,Lasiurus_intermedius,0.2
Alphacoronavirus,Epomophorus_labiatus,0.2
Alphacoronavirus,Pteropus_neohibernicus,0.2
Alphacoronavirus,Scotophilus_nigrita,0.2
Alphacoronavirus,Molossops_neglectus,0.2
Alphacoronavirus,Anoura_geoffroyi,0.2
Alphacoronavirus,Myotis_albescens,0.2
Alphacoronavirus,Macrotus_californicus,0.2
Alphacoronavirus,Aselliscus_stoliczkanus,0.2
Alphacoronavirus,Pipistrellus_pygmaeus,0.2
Alphacoronavirus,Murina_aurata,0.2
Alphacoronavirus,Leptonycteris_curasoae,0.2
Alphacoronavirus,Leptonycteris_nivalis,0.2
Alphacoronavirus,Rhinolophus_macrotis,0.2
Alphacoronavirus,Hipposideros_lankadiva,0.2
Alphacoronavirus,Glossophaga_morenoi,0.2
Alphacoronavirus,Myotis_grisescens,0.2
Alphacoronavirus,Antrozous_pallidus,0.2
Alphacoronavirus,Rhinolophus_hipposideros,0.2
Alphacoronavirus,Ptenochirus_jagori,0.2
Alphacoronavirus,Lasionycteris_noctivagans,0.2
Alphacoronavirus,Myotis_evotis,0.2
Alphacoronavirus,Eptesicus_nilssonii,0.2
Alphacoronavirus,Lasiurus_blossevillii,0.2
Alphacoronavirus,Rhinolophus_monoceros,0.2
Alphacoronavirus,Myotis_chiloensis,0.2
Alphacoronavirus,Artibeus_fimbriatus,0.2
Alphacoronavirus,Saccolaimus_flaviventris,0.2
Alphacoronavirus,Pteropus_capistratus,0.2
Alphacoronavirus,Eptesicus_diminutus,0.2
Alphacoronavirus,Diphylla_ecaudata,0.2
Alphacoronavirus,Vespadelus_pumilus,0.2
Alphacoronavirus,Diclidurus_albus,0.2
Alphacoronavirus,Myotis_leibii,0.2
Alphacoronavirus,Lasiurus_borealis,0.2
Alphacoronavirus,Hipposideros_commersoni,0.2
Alphacoronavirus,Rhinolophus_thomasi,0.2
Alphacoronavirus,Nycticeius_humeralis,0.2
Alphacoronavirus,Lasiurus_ega,0.2
Alphacoronavirus,Eptesicus_brasiliensis,0.2
Alphacoronavirus,Dobsonia_anderseni,0.2
Alphacoronavirus,Pteropus_admiralitatum,0.2
Alphacoronavirus,Myotis_macrodactylus,0.2
Alphacoronavirus,Artibeus_obscurus,0.2
Alphacoronavirus,Glossophaga_longirostris,0.2
Alphacoronavirus,Eumops_perotis,0.2
Alphacoronavirus,Dyacopterus_spadiceus,0.2
Alphavirus,Eidolon_helvum,0.8
Alphavirus,Cynopterus_sphinx,0.8
Alphavirus,Molossus_molossus,0.6
Alphavirus,Rhinolophus_ferrumequinum,0.6
Alphavirus,Miniopterus_schreibersii,0.6
Alphavirus,Pipistrellus_pipistrellus,0.6
Alphavirus,Eonycteris_spelaea,0.6
Alphavirus,Murina_leucogaster,0.6
Alphavirus,Pteronotus_parnellii,0.6
Alphavirus,Natalus_tumidirostris,0.4
Alphavirus,Mormoops_megalophylla,0.4
Alphavirus,Eptesicus_serotinus,0.4
Alphavirus,Myotis_blythii,0.4
Alphavirus,Pipistrellus_abramus,0.4
Alphavirus,Micropteropus_pusillus,0.4
Alphavirus,Taphozous_perforatus,0.4
Alphavirus,Taphozous_melanopogon,0.4
Alphavirus,Hipposideros_armiger,0.4
Alphavirus,Hipposideros_pomona,0.4
Alphavirus,Myotis_nattereri,0.4
Alphavirus,Pipistrellus_subflavus,0.4
Alphavirus,Myotis_daubentonii,0.4
Alphavirus,Nycteris_gambiensis,0.4
Alphavirus,Cynopterus_brachyotis,0.4
Alphavirus,Artibeus_cinereus,0.4
Alphavirus,Myotis_myotis,0.4
Alphavirus,Pteropus_giganteus,0.4
Alphavirus,Anoura_geoffroyi,0.4
Alphavirus,Pteronotus_davyi,0.4
Alphavirus,Myotis_velifer,0.4
Alphavirus,Myotis_volans,0.4
Alphavirus,Epomophorus_gambianus,0.4
Alphavirus,Myotis_mystacinus,0.4
Alphavirus,Cynomops_planirostris,0.4
Alphavirus,Cynomops_abrasus,0.4
Alphavirus,Pteropus_scapulatus,0.4
Alphavirus,Hipposideros_bicolor,0.4
Alphavirus,Myotis_riparius,0.4
Alphavirus,Plecotus_auritus,0.4
Alphavirus,Barbastella_barbastellus,0.4
Alphavirus,Rhinolophus_pusillus,0.4
Alphavirus,Macroglossus_minimus,0.2
Alphavirus,Eumops_patagonicus,0.2
Alphavirus,Myotis_longipes,0.2
Alphavirus,Pteropus_lylei,0.2
Alphavirus,Eumops_auripendulus,0.2
Alphavirus,Histiotus_velatus,0.2
Alphavirus,Platyrrhinus_lineatus,0.2
Alphavirus,Lichonycteris_obscura,0.2
Alphavirus,Vespertilio_sinensis,0.2
Alphavirus,Hipposideros_cineraceus,0.2
Alphavirus,Scotophilus_nux,0.2
Alphavirus,Mops_condylurus,0.2
Alphavirus,Tylonycteris_robustula,0.2
Alphavirus,Neoromicia_nanus,0.2
Alphavirus,Rhinolophus_euryale,0.2
Alphavirus,Scotophilus_dinganii,0.2
Alphavirus,Eptesicus_furinalis,0.2
Alphavirus,Sturnira_erythromos,0.2
Alphavirus,Myotis_horsfieldii,0.2
Alphavirus,Miniopterus_australis,0.2
Alphavirus,Rhinolophus_hildebrandtii,0.2
Alphavirus,Rhinolophus_coelophyllus,0.2
Alphavirus,Nyctalus_noctula,0.2
Alphavirus,Diaemus_youngi,0.2
Alphavirus,Natalus_stramineus,0.2
Alphavirus,Chaerephon_plicatus,0.2
Alphavirus,Myotis_yumanensis,0.2
Alphavirus,Myotis_thysanodes,0.2
Alphavirus,Hipposideros_abae,0.2
Alphavirus,Saccolaimus_saccolaimus,0.2
Alphavirus,Epomops_dobsonii,0.2
Alphavirus,Hipposideros_lekaguli,0.2
Alphavirus,Chrotopterus_auritus,0.2
Alphavirus,Pipistrellus_hesperus,0.2
Alphavirus,Sturnira_tildae,0.2
Alphavirus,Pipistrellus_inexspectatus,0.2
Alphavirus,Vespertilio_murinus,0.2
Alphavirus,Chalinolobus_gouldii,0.2
Alphavirus,Rhinolophus_simulator,0.2
Alphavirus,Rhinolophus_megaphyllus,0.2
Alphavirus,Lasiurus_egregius,0.2
Alphavirus,Hipposideros_larvatus,0.2
Alphavirus,Nycteris_thebaica,0.2
Alphavirus,Artibeus_toltecus,0.2
Alphavirus,Epomophorus_wahlbergi,0.2
Alphavirus,Hypsugo_savii,0.2
Alphavirus,Epomops_franqueti,0.2
Alphavirus,Lasiurus_seminolus,0.2
Alphavirus,Vespadelus_baverstocki,0.2
Alphavirus,Rhinolophus_eloquens,0.2
Alphavirus,Myotis_davidii,0.2
Alphavirus,Mesophylla_macconnelli,0.2
Alphavirus,Miniopterus_inflatus,0.2
Alphavirus,Corynorhinus_townsendii,0.2
Alphavirus,Philetor_brachypterus,0.2
Alphavirus,Miniopterus_pusillus,0.2
Alphavirus,Mimon_crenulatum,0.2
Alphavirus,Pipistrellus_coromandra,0.2
Alphavirus,Triaenops_persicus,0.2
Alphavirus,Nyctinomops_macrotis,0.2
Alphavirus,Myotis_capaccinii,0.2
Alphavirus,Megaloglossus_woermanni,0.2
Alphavirus,Hipposideros_speoris,0.2
Alphavirus,Nyctalus_lasiopterus,0.2
Alphavirus,Tadarida_teniotis,0.2
Alphavirus,Micronycteris_megalotis,0.2
Alphavirus,Myotis_emarginatus,0.2
Alphavirus,Rhinolophus_rex,0.2
Alphavirus,Euderma_maculatum,0.2
Alphavirus,Nyctalus_plancyi,0.2
Alphavirus,Lasiurus_xanthinus,0.2
Alphavirus,Mystacina_tuberculata,0.2
Alphavirus,Myotis_austroriparius,0.2
Alphavirus,Myotis_californicus,0.2
Alphavirus,Pipistrellus_nathusii,0.2
Alphavirus,Lonchophylla_robusta,0.2
Alphavirus,Myotis_levis,0.2
Alphavirus,Rhinolophus_rouxii,0.2
Alphavirus,Rhinolophus_capensis,0.2
Alphavirus,Histiotus_montanus,0.2
Alphavirus,Lasiurus_intermedius,0.2
Alphavirus,Hipposideros_ruber,0.2
Alphavirus,Epomophorus_labiatus,0.2
Alphavirus,Scotophilus_nigrita,0.2
Alphavirus,Molossops_neglectus,0.2
Alphavirus,Myotis_albescens,0.2
Alphavirus,Eumops_glaucinus,0.2
Alphavirus,Macrotus_californicus,0.2
Alphavirus,Myotis_punicus,0.2
Alphavirus,Lonchorhina_aurita,0.2
Alphavirus,Rhinolophus_stheno,0.2
Alphavirus,Rousettus_amplexicaudatus,0.2
Alphavirus,Myotis_dasycneme,0.2
Alphavirus,Myotis_ricketti,0.2
Alphavirus,Vespadelus_regulus,0.2
Alphavirus,Nyctinomops_laticaudatus,0.2
Alphavirus,Murina_aurata,0.2
Alphavirus,Taphozous_theobaldi,0.2
Alphavirus,Leptonycteris_curasoae,0.2
Alphavirus,Leptonycteris_nivalis,0.2
Alphavirus,Hipposideros_vittatus,0.2
Alphavirus,Hipposideros_lankadiva,0.2
Alphavirus,Glossophaga_morenoi,0.2
Alphavirus,Myotis_grisescens,0.2
Alphavirus,Antrozous_pallidus,0.2
Alphavirus,Lasionycteris_noctivagans,0.2
Alphavirus,Rhinolophus_clivosus,0.2
Alphavirus,Pipistrellus_kuhlii,0.2
Alphavirus,Myotis_evotis,0.2
Alphavirus,Lasiurus_blossevillii,0.2
Alphavirus,Pteropus_conspicillatus,0.2
Alphavirus,Myotis_macropus,0.2
Alphavirus,Anoura_caudifer,0.2
Alphavirus,Myotis_chiloensis,0.2
Alphavirus,Artibeus_fimbriatus,0.2
Alphavirus,Rhinolophus_sinicus,0.2
Alphavirus,Saccolaimus_flaviventris,0.2
Alphavirus,Miniopterus_natalensis,0.2
Alphavirus,Eptesicus_diminutus,0.2
Alphavirus,Diphylla_ecaudata,0.2
Alphavirus,Vespadelus_pumilus,0.2
Alphavirus,Diclidurus_albus,0.2
Alphavirus,Hipposideros_diadema,0.2
Alphavirus,Myotis_leibii,0.2
Alphavirus,Lasiurus_borealis,0.2
Alphavirus,Hipposideros_pratti,0.2
Alphavirus,Scotophilus_leucogaster,0.2
Alphavirus,Nycticeius_humeralis,0.2
Alphavirus,Chalinolobus_morio,0.2
Alphavirus,Rhinolophus_affinis,0.2
Alphavirus,Miniopterus_magnater,0.2
Alphavirus,Falsistrellus_mackenziei,0.2
Alphavirus,Lasiurus_ega,0.2
Alphavirus,Pteropus_vampyrus,0.2
Alphavirus,Neoromicia_capensis,0.2
Alphavirus,Eptesicus_brasiliensis,0.2
Alphavirus,Pteropus_poliocephalus,0.2
Alphavirus,Rhinolophus_shameli,0.2
Alphavirus,Rhinopoma_hardwickii,0.2
Alphavirus,Myotis_macrodactylus,0.2
Alphavirus,Lophostoma_silvicolum,0.2
Alphavirus,Cardioderma_cor,0.2
Alphavirus,Hipposideros_gigas,0.2
Alphavirus,Vampyrodes_caraccioli,0.2
Alphavirus,Glossophaga_longirostris,0.2
Alphavirus,Pteropus_hypomelanus,0.2
Alphavirus,Eumops_perotis,0.2
Alphavirus,Myotis_brandtii,0.2
Betacoronavirus,Molossus_rufus,0.8
Betacoronavirus,Scotophilus_kuhlii,0.8
Betacoronavirus,Artibeus_jamaicensis,0.8
Betacoronavirus,Molossus_molossus,0.6
Betacoronavirus,Eptesicus_fuscus,0.6
Betacoronavirus,Myotis_septentrionalis,0.6
Betacoronavirus,Hipposideros_pomona,0.6
Betacoronavirus,Myotis_nigricans,0.6
Betacoronavirus,Tadarida_brasiliensis,0.6
Betacoronavirus,Glossophaga_soricina,0.6
Betacoronavirus,Desmodus_rotundus,0.6
Betacoronavirus,Murina_leucogaster,0.6
Betacoronavirus,Myotis_lucifugus,0.6
Betacoronavirus,Pteropus_scapulatus,0.6
Betacoronavirus,Phyllostomus_hastatus,0.6
Betacoronavirus,Sturnira_lilium,0.6
Betacoronavirus,Pteropus_lylei,0.4
Betacoronavirus,Natalus_tumidirostris,0.4
Betacoronavirus,Mormoops_megalophylla,0.4
Betacoronavirus,Chaerephon_pumilus,0.4
Betacoronavirus,Myotis_blythii,0.4
Betacoronavirus,Hipposideros_larvatus,0.4
Betacoronavirus,Taphozous_melanopogon,0.4
Betacoronavirus,Myotis_nattereri,0.4
Betacoronavirus,Pipistrellus_subflavus,0.4
Betacoronavirus,Nycteris_gambiensis,0.4
Betacoronavirus,Uroderma_bilobatum,0.4
Betacoronavirus,Artibeus_cinereus,0.4
Betacoronavirus,Myotis_myotis,0.4
Betacoronavirus,Anoura_geoffroyi,0.4
Betacoronavirus,Carollia_brevicauda,0.4
Betacoronavirus,Myotis_velifer,0.4
Betacoronavirus,Myotis_volans,0.4
Betacoronavirus,Pteropus_conspicillatus,0.4
Betacoronavirus,Myotis_mystacinus,0.4
Betacoronavirus,Myotis_keenii,0.4
Betacoronavirus,Cynomops_planirostris,0.4
Betacoronavirus,Cynomops_abrasus,0.4
Betacoronavirus,Hipposideros_bicolor,0.4
Betacoronavirus,Pteropus_vampyrus,0.4
Betacoronavirus,Myotis_riparius,0.4
Betacoronavirus,Pteropus_poliocephalus,0.4
Betacoronavirus,Plecotus_auritus,0.4
Betacoronavirus,Barbastella_barbastellus,0.4
Betacoronavirus,Pteropus_hypomelanus,0.4
Betacoronavirus,Macroglossus_minimus,0.2
Betacoronavirus,Eumops_patagonicus,0.2
Betacoronavirus,Myotis_longipes,0.2
Betacoronavirus,Eumops_auripendulus,0.2
Betacoronavirus,Histiotus_velatus,0.2
Betacoronavirus,Platyrrhinus_lineatus,0.2
Betacoronavirus,Lichonycteris_obscura,0.2
Betacoronavirus,Scotophilus_nux,0.2
Betacoronavirus,Hipposideros_cineraceus,0.2
Betacoronavirus,Tylonycteris_robustula,0.2
Betacoronavirus,Neoromicia_nanus,0.2
Betacoronavirus,Eptesicus_furinalis,0.2
Betacoronavirus,Sturnira_erythromos,0.2
Betacoronavirus,Myotis_horsfieldii,0.2
Betacoronavirus,Miniopterus_australis,0.2
Betacoronavirus,Rhinolophus_coelophyllus,0.2
Betacoronavirus,Diaemus_youngi,0.2
Betacoronavirus,Natalus_stramineus,0.2
Betacoronavirus,Myotis_yumanensis,0.2
Betacoronavirus,Myotis_thysanodes,0.2
Betacoronavirus,Hipposideros_abae,0.2
Betacoronavirus,Saccolaimus_saccolaimus,0.2
Betacoronavirus,Epomops_dobsonii,0.2
Betacoronavirus,Hipposideros_lekaguli,0.2
Betacoronavirus,Hypsignathus_monstrosus,0.2
Betacoronavirus,Chrotopterus_auritus,0.2
Betacoronavirus,Pipistrellus_hesperus,0.2
Betacoronavirus,Sturnira_tildae,0.2
Betacoronavirus,Pipistrellus_inexspectatus,0.2
Betacoronavirus,Vespertilio_murinus,0.2
Betacoronavirus,Chalinolobus_gouldii,0.2
Betacoronavirus,Rhinolophus_simulator,0.2
Betacoronavirus,Rhinolophus_megaphyllus,0.2
Betacoronavirus,Lasiurus_egregius,0.2
Betacoronavirus,Nycteris_thebaica,0.2
Betacoronavirus,Artibeus_toltecus,0.2
Betacoronavirus,Epomophorus_wahlbergi,0.2
Betacoronavirus,Lasiurus_cinereus,0.2
Betacoronavirus,Lasiurus_seminolus,0.2
Betacoronavirus,Vespadelus_baverstocki,0.2
Betacoronavirus,Myotis_davidii,0.2
Betacoronavirus,Mesophylla_macconnelli,0.2
Betacoronavirus,Miniopterus_inflatus,0.2
Betacoronavirus,Corynorhinus_townsendii,0.2
Betacoronavirus,Philetor_brachypterus,0.2
Betacoronavirus,Miniopterus_pusillus,0.2
Betacoronavirus,Mimon_crenulatum,0.2
Betacoronavirus,Pipistrellus_coromandra,0.2
Betacoronavirus,Nyctinomops_macrotis,0.2
Betacoronavirus,Myotis_capaccinii,0.2
Betacoronavirus,Hipposideros_speoris,0.2
Betacoronavirus,Nyctalus_lasiopterus,0.2
Betacoronavirus,Tadarida_teniotis,0.2
Betacoronavirus,Micronycteris_megalotis,0.2
Betacoronavirus,Euderma_maculatum,0.2
Betacoronavirus,Nyctalus_plancyi,0.2
Betacoronavirus,Lasiurus_xanthinus,0.2
Betacoronavirus,Mystacina_tuberculata,0.2
Betacoronavirus,Myotis_austroriparius,0.2
Betacoronavirus,Myotis_californicus,0.2
Betacoronavirus,Phyllostomus_discolor,0.2
Betacoronavirus,Myotis_levis,0.2
Betacoronavirus,Rhinolophus_rouxii,0.2
Betacoronavirus,Rhinolophus_capensis,0.2
Betacoronavirus,Histiotus_montanus,0.2
Betacoronavirus,Lasiurus_intermedius,0.2
Betacoronavirus,Pteropus_neohibernicus,0.2
Betacoronavirus,Scotophilus_nigrita,0.2
Betacoronavirus,Molossops_neglectus,0.2
Betacoronavirus,Myotis_albescens,0.2
Betacoronavirus,Macrotus_californicus,0.2
Betacoronavirus,Myotis_punicus,0.2
Betacoronavirus,Lonchorhina_aurita,0.2
Betacoronavirus,Rhinolophus_stheno,0.2
Betacoronavirus,Vespadelus_regulus,0.2
Betacoronavirus,Murina_aurata,0.2
Betacoronavirus,Taphozous_theobaldi,0.2
Betacoronavirus,Leptonycteris_curasoae,0.2
Betacoronavirus,Leptonycteris_nivalis,0.2
Betacoronavirus,Platyrrhinus_helleri,0.2
Betacoronavirus,Hipposideros_vittatus,0.2
Betacoronavirus,Hipposideros_lankadiva,0.2
Betacoronavirus,Glossophaga_morenoi,0.2
Betacoronavirus,Myotis_grisescens,0.2
Betacoronavirus,Antrozous_pallidus,0.2
Betacoronavirus,Lasionycteris_noctivagans,0.2
Betacoronavirus,Myotis_evotis,0.2
Betacoronavirus,Lasiurus_blossevillii,0.2
Betacoronavirus,Myotis_macropus,0.2
Betacoronavirus,Anoura_caudifer,0.2
Betacoronavirus,Myotis_chiloensis,0.2
Betacoronavirus,Artibeus_fimbriatus,0.2
Betacoronavirus,Miniopterus_natalensis,0.2
Betacoronavirus,Saccolaimus_flaviventris,0.2
Betacoronavirus,Pteropus_capistratus,0.2
Betacoronavirus,Eptesicus_diminutus,0.2
Betacoronavirus,Diphylla_ecaudata,0.2
Betacoronavirus,Vespadelus_pumilus,0.2
Betacoronavirus,Diclidurus_albus,0.2
Betacoronavirus,Hipposideros_diadema,0.2
Betacoronavirus,Myotis_leibii,0.2
Betacoronavirus,Lasiurus_borealis,0.2
Betacoronavirus,Nycticeius_humeralis,0.2
Betacoronavirus,Chalinolobus_morio,0.2
Betacoronavirus,Miniopterus_magnater,0.2
Betacoronavirus,Falsistrellus_mackenziei,0.2
Betacoronavirus,Lasiurus_ega,0.2
Betacoronavirus,Eptesicus_brasiliensis,0.2
Betacoronavirus,Dobsonia_anderseni,0.2
Betacoronavirus,Pteropus_admiralitatum,0.2
Betacoronavirus,Rhinolophus_shameli,0.2
Betacoronavirus,Myotis_macrodactylus,0.2
Betacoronavirus,Cardioderma_cor,0.2
Betacoronavirus,Hipposideros_gigas,0.2
Betacoronavirus,Glossophaga_longirostris,0.2
Betacoronavirus,Eumops_perotis,0.2
Betacoronavirus,Myotis_brandtii,0.2
Ebolavirus,Artibeus_lituratus,0.4
Ebolavirus,Epomophorus_labiatus,0.2
Ebolavirus,Hipposideros_caffer,0.2
Ebolavirus,Myotis_keenii,0.2
Ebolavirus,Taphozous_perforatus,0.2
Ebolavirus,Pteronotus_parnellii,0.2
Ebolavirus,Myotis_septentrionalis,0.2
Ebolavirus,Syconycteris_australis,0.2
Ebolavirus,Miniopterus_inflatus,0.2
Ebolavirus,Miniopterus_schreibersii,0.2
Ebolavirus,Artibeus_jamaicensis,0.2
Ebolavirus,Anoura_geoffroyi,0.2
Ebolavirus,Hipposideros_abae,0.2
Ebolavirus,Cynopterus_sphinx,0.2
Ebolavirus,Carollia_perspicillata,0.2
Ebolavirus,Pteropus_poliocephalus,0.2
Ebolavirus,Natalus_tumidirostris,0.2
Ebolavirus,Nycteris_gambiensis,0.2
Ebolavirus,Molossus_rufus,0.2
Ebolavirus,Phyllostomus_hastatus,0.2
Ebolavirus,Chaerephon_plicatus,0.2
Ebolavirus,Nycteris_nana,0.2
Ebolavirus,Rhinolophus_eloquens,0.2
Ebolavirus,Pipistrellus_kuhlii,0.2
Ebolavirus,Glauconycteris_argentata,0.2
Ebolavirus,Taphozous_theobaldi,0.2
Ebolavirus,Molossus_molossus,0.2
Flavivirus,Eptesicus_serotinus,0.6
Flavivirus,Micropteropus_pusillus,0.6
Flavivirus,Hipposideros_caffer,0.6
Flavivirus,Myotis_daubentonii,0.6
Flavivirus,Pteropus_giganteus,0.6
Flavivirus,Epomophorus_gambianus,0.6
Flavivirus,Myotis_keenii,0.6
Flavivirus,Mops_condylurus,0.4
Flavivirus,Rhinolophus_euryale,0.4
Flavivirus,Scotophilus_dinganii,0.4
Flavivirus,Nyctalus_noctula,0.4
Flavivirus,Chaerephon_plicatus,0.4
Flavivirus,Myotis_blythii,0.4
Flavivirus,Lasiurus_cinereus,0.4
Flavivirus,Hypsugo_savii,0.4
Flavivirus,Epomops_franqueti,0.4
Flavivirus,Triaenops_persicus,0.4
Flavivirus,Myotis_nattereri,0.4
Flavivirus,Pipistrellus_subflavus,0.4
Flavivirus,Megaloglossus_woermanni,0.4
Flavivirus,Myotis_emarginatus,0.4
Flavivirus,Rhinolophus_rex,0.4
Flavivirus,Pipistrellus_nathusii,0.4
Flavivirus,Myotis_myotis,0.4
Flavivirus,Hipposideros_ruber,0.4
Flavivirus,Epomophorus_labiatus,0.4
Flavivirus,Eumops_glaucinus,0.4
Flavivirus,Rousettus_amplexicaudatus,0.4
Flavivirus,Myotis_dasycneme,0.4
Flavivirus,Myotis_ricketti,0.4
Flavivirus,Nyctinomops_laticaudatus,0.4
Flavivirus,Myotis_velifer,0.4
Flavivirus,Myotis_volans,0.4
Flavivirus,Rhinolophus_clivosus,0.4
Flavivirus,Pipistrellus_kuhlii,0.4
Flavivirus,Rhinolophus_sinicus,0.4
Flavivirus,Cynomops_planirostris,0.4
Flavivirus,Cynomops_abrasus,0.4
Flavivirus,Hipposideros_pratti,0.4
Flavivirus,Scotophilus_leucogaster,0.4
Flavivirus,Rhinolophus_affinis,0.4
Flavivirus,Myotis_riparius,0.4
Flavivirus,Neoromicia_capensis,0.4
Flavivirus,Rhinopoma_hardwickii,0.4
Flavivirus,Eumops_patagonicus,0.2
Flavivirus,Myotis_longipes,0.2
Flavivirus,Pteropus_lylei,0.2
Flavivirus,Rhinolophus_cornutus,0.2
Flavivirus,Eumops_auripendulus,0.2
Flavivirus,Histiotus_velatus,0.2
Flavivirus,Platyrrhinus_lineatus,0.2
Flavivirus,Lichonycteris_obscura,0.2
Flavivirus,Scotophilus_nux,0.2
Flavivirus,Tylonycteris_robustula,0.2
Flavivirus,Neoromicia_nanus,0.2
Flavivirus,Eptesicus_furinalis,0.2
Flavivirus,Carollia_subrufa,0.2
Flavivirus,Sturnira_erythromos,0.2
Flavivirus,Cynopterus_horsfieldii,0.2
Flavivirus,Myotis_horsfieldii,0.2
Flavivirus,Miniopterus_australis,0.2
Flavivirus,Rhinolophus_coelophyllus,0.2
Flavivirus,Diaemus_youngi,0.2
Flavivirus,Myotis_yumanensis,0.2
Flavivirus,Myotis_thysanodes,0.2
Flavivirus,Hipposideros_abae,0.2
Flavivirus,Saccolaimus_saccolaimus,0.2
Flavivirus,Epomops_dobsonii,0.2
Flavivirus,Hipposideros_lekaguli,0.2
Flavivirus,Chrotopterus_auritus,0.2
Flavivirus,Rhinolophus_pearsonii,0.2
Flavivirus,Pipistrellus_hesperus,0.2
Flavivirus,Pipistrellus_inexspectatus,0.2
Flavivirus,Hipposideros_galeritus,0.2
Flavivirus,Ia_io,0.2
Flavivirus,Vespertilio_murinus,0.2
Flavivirus,Chalinolobus_gouldii,0.2
Flavivirus,Rhinolophus_simulator,0.2
Flavivirus,Rhinolophus_megaphyllus,0.2
Flavivirus,Lasiurus_egregius,0.2
Flavivirus,Rhinolophus_mehelyi,0.2
Flavivirus,Hipposideros_larvatus,0.2
Flavivirus,Nycteris_thebaica,0.2
Flavivirus,Epomophorus_wahlbergi,0.2
Flavivirus,Sturnira_ludovici,0.2
Flavivirus,Lasiurus_seminolus,0.2
Flavivirus,Pteropus_rufus,0.2
Flavivirus,Vespadelus_baverstocki,0.2
Flavivirus,Myotis_davidii,0.2
Flavivirus,Glossophaga_commissarisi,0.2
Flavivirus,Mesophylla_macconnelli,0.2
Flavivirus,Miniopterus_inflatus,0.2
Flavivirus,Corynorhinus_townsendii,0.2
Flavivirus,Rhynchonycteris_naso,0.2
Flavivirus,Rhinolophus_blasii,0.2
Flavivirus,Philetor_brachypterus,0.2
Flavivirus,Rhinolophus_creaghi,0.2
Flavivirus,Miniopterus_pusillus,0.2
Flavivirus,Megaerops_niphanae,0.2
Flavivirus,Tylonycteris_pachypus,0.2
Flavivirus,Pipistrellus_coromandra,0.2
Flavivirus,Nyctinomops_macrotis,0.2
Flavivirus,Myotis_capaccinii,0.2
Flavivirus,Nyctalus_lasiopterus,0.2
Flavivirus,Tadarida_teniotis,0.2
Flavivirus,Micronycteris_megalotis,0.2
Flavivirus,Pipistrellus_hesperidus,0.2
Flavivirus,Rhinonicteris_aurantia,0.2
Flavivirus,Euderma_maculatum,0.2
Flavivirus,Nyctalus_plancyi,0.2
Flavivirus,Lasiurus_xanthinus,0.2
Flavivirus,Mystacina_tuberculata,0.2
Flavivirus,Myotis_austroriparius,0.2
Flavivirus,Myotis_californicus,0.2
Flavivirus,Myotis_levis,0.2
Flavivirus,Rhinolophus_capensis,0.2
Flavivirus,Dobsonia_moluccensis,0.2
Flavivirus,Histiotus_montanus,0.2
Flavivirus,Lasiurus_intermedius,0.2
Flavivirus,Molossops_neglectus,0.2
Flavivirus,Myotis_albescens,0.2
Flavivirus,Macrotus_californicus,0.2
Flavivirus,Myotis_punicus,0.2
Flavivirus,Aselliscus_stoliczkanus,0.2
Flavivirus,Lonchorhina_aurita,0.2
Flavivirus,Eidolon_dupreanum,0.2
Flavivirus,Rhinolophus_stheno,0.2
Flavivirus,Pipistrellus_pygmaeus,0.2
Flavivirus,Vespadelus_regulus,0.2
Flavivirus,Taphozous_theobaldi,0.2
Flavivirus,Leptonycteris_curasoae,0.2
Flavivirus,Leptonycteris_nivalis,0.2
Flavivirus,Rhinolophus_macrotis,0.2
Flavivirus,Hipposideros_vittatus,0.2
Flavivirus,Glossophaga_morenoi,0.2
Flavivirus,Myotis_grisescens,0.2
Flavivirus,Antrozous_pallidus,0.2
Flavivirus,Rhinolophus_hipposideros,0.2
Flavivirus,Ptenochirus_jagori,0.2
Flavivirus,Lasionycteris_noctivagans,0.2
Flavivirus,Myotis_evotis,0.2
Flavivirus,Eptesicus_nilssonii,0.2
Flavivirus,Lasiurus_blossevillii,0.2
Flavivirus,Pteropus_conspicillatus,0.2
Flavivirus,Myotis_macropus,0.2
Flavivirus,Rhinolophus_monoceros,0.2
Flavivirus,Anoura_caudifer,0.2
Flavivirus,Myotis_chiloensis,0.2
Flavivirus,Artibeus_fimbriatus,0.2
Flavivirus,Saccolaimus_flaviventris,0.2
Flavivirus,Miniopterus_natalensis,0.2
Flavivirus,Eptesicus_diminutus,0.2
Flavivirus,Diphylla_ecaudata,0.2
Flavivirus,Diclidurus_albus,0.2
Flavivirus,Hipposideros_diadema,0.2
Flavivirus,Myotis_leibii,0.2
Flavivirus,Lasiurus_borealis,0.2
Flavivirus,Hipposideros_commersoni,0.2
Flavivirus,Rhinolophus_thomasi,0.2
Flavivirus,Nycticeius_humeralis,0.2
Flavivirus,Chalinolobus_morio,0.2
Flavivirus,Miniopterus_magnater,0.2
Flavivirus,Falsistrellus_mackenziei,0.2
Flavivirus,Lasiurus_ega,0.2
Flavivirus,Eptesicus_brasiliensis,0.2
Flavivirus,Pteropus_poliocephalus,0.2
Flavivirus,Rhinolophus_shameli,0.2
Flavivirus,Cardioderma_cor,0.2
Flavivirus,Artibeus_obscurus,0.2
Flavivirus,Hipposideros_gigas,0.2
Flavivirus,Glossophaga_longirostris,0.2
Flavivirus,Pteropus_hypomelanus,0.2
Flavivirus,Eumops_perotis,0.2
Flavivirus,Myotis_brandtii,0.2
Flavivirus,Dyacopterus_spadiceus,0.2
Henipavirus,Rousettus_aegyptiacus,1.0
Henipavirus,Micropteropus_pusillus,0.8
Henipavirus,Rhinolophus_ferrumequinum,0.8
Henipavirus,Miniopterus_schreibersii,0.8
Henipavirus,Artibeus_lituratus,0.8
Henipavirus,Pipistrellus_pipistrellus,0.8
Henipavirus,Cynopterus_sphinx,0.8
Henipavirus,Carollia_perspicillata,0.8
Henipavirus,Molossus_rufus,0.6
Henipavirus,Eptesicus_serotinus,0.6
Henipavirus,Pipistrellus_abramus,0.6
Henipavirus,Eptesicus_fuscus,0.6
Henipavirus,Myotis_nigricans,0.6
Henipavirus,Tadarida_brasiliensis,0.6
Henipavirus,Glossophaga_soricina,0.6
Henipavirus,Desmodus_rotundus,0.6
Henipavirus,Pteronotus_davyi,0.6
Henipavirus,Rousettus_amplexicaudatus,0.6
Henipavirus,Artibeus_jamaicensis,0.6
Henipavirus,Murina_leucogaster,0.6
Henipavirus,Pteronotus_parnellii,0.6
Henipavirus,Myotis_lucifugus,0.6
Henipavirus,Artibeus_phaeotis,0.6
Henipavirus,Rhinolophus_pusillus,0.6
Henipavirus,Sturnira_lilium,0.6
Henipavirus,Vespertilio_sinensis,0.4
Henipavirus,Mops_condylurus,0.4
Henipavirus,Rhinolophus_euryale,0.4
Henipavirus,Scotophilus_dinganii,0.4
Henipavirus,Nyctalus_noctula,0.4
Henipavirus,Mormoops_megalophylla,0.4
Henipavirus,Molossus_molossus,0.4
Henipavirus,Chaerephon_pumilus,0.4
Henipavirus,Myotis_blythii,0.4
Henipavirus,Taphozous_perforatus,0.4
Henipavirus,Hypsugo_savii,0.4
Henipavirus,Epomops_franqueti,0.4
Henipavirus,Myotis_septentrionalis,0.4
Henipavirus,Taphozous_melanopogon,0.4
Henipavirus,Triaenops_persicus,0.4
Henipavirus,Myotis_nattereri,0.4
Henipavirus,Pipistrellus_subflavus,0.4
Henipavirus,Hipposideros_caffer,0.4
Henipavirus,Megaloglossus_woermanni,0.4
Henipavirus,Nycteris_gambiensis,0.4
Henipavirus,Myotis_emarginatus,0.4
Henipavirus,Rhinolophus_rex,0.4
Henipavirus,Uroderma_bilobatum,0.4
Henipavirus,Pipistrellus_nathusii,0.4
Henipavirus,Artibeus_cinereus,0.4
Henipavirus,Myotis_myotis,0.4
Henipavirus,Hipposideros_ruber,0.4
Henipavirus,Eumops_glaucinus,0.4
Henipavirus,Myotis_dasycneme,0.4
Henipavirus,Carollia_brevicauda,0.4
Henipavirus,Nyctinomops_laticaudatus,0.4
Henipavirus,Myotis_velifer,0.4
Henipavirus,Myotis_volans,0.4
Henipavirus,Rhinolophus_clivosus,0.4
Henipavirus,Pipistrellus_kuhlii,0.4
Henipavirus,Myotis_mystacinus,0.4
Henipavirus,Cynomops_planirostris,0.4
Henipavirus,Cynomops_abrasus,0.4
Henipavirus,Hipposideros_pratti,0.4
Henipavirus,Scotophilus_leucogaster,0.4
Henipavirus,Hipposideros_bicolor,0.4
Henipavirus,Myotis_riparius,0.4
Henipavirus,Neoromicia_capensis,0.4
Henipavirus,Rhinopoma_hardwickii,0.4
Henipavirus,Phyllostomus_hastatus,0.4
Henipavirus,Plecotus_auritus,0.4
Henipavirus,Barbastella_barbastellus,0.4
Henipavirus,Macroglossus_minimus,0.2
Henipavirus,Eumops_patagonicus,0.2
Henipavirus,Myotis_longipes,0.2
Henipavirus,Rhinolophus_cornutus,0.2
Henipavirus,Eumops_auripendulus,0.2
Henipavirus,Histiotus_velatus,0.2
Henipavirus,Platyrrhinus_lineatus,0.2
Henipavirus,Lichonycteris_obscura,0.2
Henipavirus,Natalus_tumidirostris,0.2
Henipavirus,Hipposideros_cineraceus,0.2
Henipavirus,Scotophilus_nux,0.2
Henipavirus,Myonycteris_torquata,0.2
Henipavirus,Tylonycteris_robustula,0.2
Henipavirus,Neoromicia_nanus,0.2
Henipavirus,Eptesicus_furinalis,0.2
Henipavirus,Sturnira_erythromos,0.2
Henipavirus,Cynopterus_horsfieldii,0.2
Henipavirus,Myotis_horsfieldii,0.2
Henipavirus,Miniopterus_australis,0.2
Henipavirus,Rhinolophus_coelophyllus,0.2
Henipavirus,Diaemus_youngi,0.2
Henipavirus,Natalus_stramineus,0.2
Henipavirus,Chaerephon_plicatus,0.2
Henipavirus,Myotis_yumanensis,0.2
Henipavirus,Myotis_thysanodes,0.2
Henipavirus,Hipposideros_abae,0.2
Henipavirus,Saccolaimus_saccolaimus,0.2
Henipavirus,Epomops_dobsonii,0.2
Henipavirus,Hipposideros_lekaguli,0.2
Henipavirus,Chrotopterus_auritus,0.2
Henipavirus,Rhinolophus_pearsonii,0.2
Henipavirus,Pipistrellus_hesperus,0.2
Henipavirus,Sturnira_tildae,0.2
Henipavirus,Pipistrellus_inexspectatus,0.2
Henipavirus,Hipposideros_galeritus,0.2
Henipavirus,Ia_io,0.2
Henipavirus,Vespertilio_murinus,0.2
Henipavirus,Chalinolobus_gouldii,0.2
Henipavirus,Rhinolophus_simulator,0.2
Henipavirus,Rhinolophus_megaphyllus,0.2
Henipavirus,Lasiurus_egregius,0.2
Henipavirus,Rhinolophus_mehelyi,0.2
Henipavirus,Nycteris_thebaica,0.2
Henipavirus,Artibeus_toltecus,0.2
Henipavirus,Epomophorus_wahlbergi,0.2
Henipavirus,Lasiurus_cinereus,0.2
Henipavirus,Lasiurus_seminolus,0.2
Henipavirus,Vespadelus_baverstocki,0.2
Henipavirus,Myotis_davidii,0.2
Henipavirus,Mesophylla_macconnelli,0.2
Henipavirus,Miniopterus_inflatus,0.2
Henipavirus,Corynorhinus_townsendii,0.2
Henipavirus,Rhinolophus_blasii,0.2
Henipavirus,Rhinolophus_creaghi,0.2
Henipavirus,Philetor_brachypterus,0.2
Henipavirus,Miniopterus_pusillus,0.2
Henipavirus,Mimon_crenulatum,0.2
Henipavirus,Megaerops_niphanae,0.2
Henipavirus,Tylonycteris_pachypus,0.2
Henipavirus,Pipistrellus_coromandra,0.2
Henipavirus,Nyctinomops_macrotis,0.2
Henipavirus,Myotis_capaccinii,0.2
Henipavirus,Hipposideros_speoris,0.2
Henipavirus,Nyctalus_lasiopterus,0.2
Henipavirus,Tadarida_teniotis,0.2
Henipavirus,Micronycteris_megalotis,0.2
Henipavirus,Pipistrellus_hesperidus,0.2
Henipavirus,Rhinonicteris_aurantia,0.2
Henipavirus,Euderma_maculatum,0.2
Henipavirus,Nyctalus_plancyi,0.2
Henipavirus,Lasiurus_xanthinus,0.2
Henipavirus,Mystacina_tuberculata,0.2
Henipavirus,Myotis_austroriparius,0.2
Henipavirus,Myotis_californicus,0.2
Henipavirus,Phyllostomus_discolor,0.2
Henipavirus,Myotis_levis,0.2
Henipavirus,Rhinolophus_rouxii,0.2
Henipavirus,Rhinolophus_capensis,0.2
Henipavirus,Histiotus_montanus,0.2
Henipavirus,Lasiurus_intermedius,0.2
Henipavirus,Epomophorus_labiatus,0.2
Henipavirus,Scotophilus_nigrita,0.2
Henipavirus,Molossops_neglectus,0.2
Henipavirus,Anoura_geoffroyi,0.2
Henipavirus,Myotis_albescens,0.2
Henipavirus,Macrotus_californicus,0.2
Henipavirus,Myotis_punicus,0.2
Henipavirus,Aselliscus_stoliczkanus,0.2
Henipavirus,Lonchorhina_aurita,0.2
Henipavirus,Rhinolophus_stheno,0.2
Henipavirus,Pipistrellus_pygmaeus,0.2
Henipavirus,Vespadelus_regulus,0.2
Henipavirus,Murina_aurata,0.2
Henipavirus,Leptonycteris_curasoae,0.2
Henipavirus,Leptonycteris_nivalis,0.2
Henipavirus,Rhinolophus_macrotis,0.2
Henipavirus,Platyrrhinus_helleri,0.2
Henipavirus,Hipposideros_vittatus,0.2
Henipavirus,Hipposideros_lankadiva,0.2
Henipavirus,Glossophaga_morenoi,0.2
Henipavirus,Myotis_grisescens,0.2
Henipavirus,Antrozous_pallidus,0.2
Henipavirus,Rhinolophus_hipposideros,0.2
Henipavirus,Ptenochirus_jagori,0.2
Henipavirus,Lasionycteris_noctivagans,0.2
Henipavirus,Myotis_evotis,0.2
Henipavirus,Eptesicus_nilssonii,0.2
Henipavirus,Lasiurus_blossevillii,0.2
Henipavirus,Myotis_macropus,0.2
Henipavirus,Rhinolophus_monoceros,0.2
Henipavirus,Anoura_caudifer,0.2
Henipavirus,Myotis_chiloensis,0.2
Henipavirus,Artibeus_fimbriatus,0.2
Henipavirus,Myotis_keenii,0.2
Henipavirus,Miniopterus_natalensis,0.2
Henipavirus,Saccolaimus_flaviventris,0.2
Henipavirus,Eptesicus_diminutus,0.2
Henipavirus,Diphylla_ecaudata,0.2
Henipavirus,Vespadelus_pumilus,0.2
Henipavirus,Diclidurus_albus,0.2
Henipavirus,Hipposideros_diadema,0.2
Henipavirus,Myotis_leibii,0.2
Henipavirus,Lasiurus_borealis,0.2
Henipavirus,Hipposideros_commersoni,0.2
Henipavirus,Rhinolophus_thomasi,0.2
Henipavirus,Nycticeius_humeralis,0.2
Henipavirus,Chalinolobus_morio,0.2
Henipavirus,Miniopterus_magnater,0.2
Henipavirus,Falsistrellus_mackenziei,0.2
Henipavirus,Lasiurus_ega,0.2
Henipavirus,Eptesicus_brasiliensis,0.2
Henipavirus,Rhinolophus_shameli,0.2
Henipavirus,Myotis_macrodactylus,0.2
Henipavirus,Cardioderma_cor,0.2
Henipavirus,Artibeus_obscurus,0.2
Henipavirus,Hipposideros_gigas,0.2
Henipavirus,Glossophaga_longirostris,0.2
Henipavirus,Eumops_perotis,0.2
Henipavirus,Myotis_brandtii,0.2
Henipavirus,Dyacopterus_spadiceus,0.2
Lyssavirus,Hipposideros_armiger,0.8
Lyssavirus,Chaerephon_pumilus,0.6
Lyssavirus,Pipistrellus_abramus,0.6
Lyssavirus,Hipposideros_pomona,0.6
Lyssavirus,Hipposideros_caffer,0.6
Lyssavirus,Carollia_brevicauda,0.6
Lyssavirus,Myotis_ricketti,0.6
Lyssavirus,Rhinolophus_sinicus,0.6
Lyssavirus,Rhinolophus_affinis,0.6
Lyssavirus,Vespertilio_sinensis,0.4
Lyssavirus,Mops_condylurus,0.4
Lyssavirus,Rhinolophus_euryale,0.4
Lyssavirus,Scotophilus_dinganii,0.4
Lyssavirus,Hipposideros_larvatus,0.4
Lyssavirus,Taphozous_perforatus,0.4
Lyssavirus,Hypsugo_savii,0.4
Lyssavirus,Pteropus_rufus,0.4
Lyssavirus,Triaenops_persicus,0.4
Lyssavirus,Megaloglossus_woermanni,0.4
Lyssavirus,Myotis_emarginatus,0.4
Lyssavirus,Rhinolophus_rex,0.4
Lyssavirus,Phyllostomus_discolor,0.4
Lyssavirus,Dobsonia_moluccensis,0.4
Lyssavirus,Hipposideros_ruber,0.4
Lyssavirus,Eidolon_dupreanum,0.4
Lyssavirus,Platyrrhinus_helleri,0.4
Lyssavirus,Rhinolophus_clivosus,0.4
Lyssavirus,Pipistrellus_kuhlii,0.4
Lyssavirus,Hipposideros_pratti,0.4
Lyssavirus,Scotophilus_leucogaster,0.4
Lyssavirus,Hipposideros_bicolor,0.4
Lyssavirus,Pteropus_vampyrus,0.4
Lyssavirus,Neoromicia_capensis,0.4
Lyssavirus,Rhinopoma_hardwickii,0.4
Lyssavirus,Macroglossus_minimus,0.2
Lyssavirus,Myotis_longipes,0.2
Lyssavirus,Rhinolophus_cornutus,0.2
Lyssavirus,Lichonycteris_obscura,0.2
Lyssavirus,Natalus_tumidirostris,0.2
Lyssavirus,Hipposideros_cineraceus,0.2
Lyssavirus,Scotophilus_nux,0.2
Lyssavirus,Tylonycteris_robustula,0.2
Lyssavirus,Neoromicia_nanus,0.2
Lyssavirus,Carollia_subrufa,0.2
Lyssavirus,Sturnira_erythromos,0.2
Lyssavirus,Cynopterus_horsfieldii,0.2
Lyssavirus,Myotis_horsfieldii,0.2
Lyssavirus,Miniopterus_australis,0.2
Lyssavirus,Rhinolophus_coelophyllus,0.2
Lyssavirus,Natalus_stramineus,0.2
Lyssavirus,Chaerephon_plicatus,0.2
Lyssavirus,Hipposideros_abae,0.2
Lyssavirus,Hipposideros_lekaguli,0.2
Lyssavirus,Hypsignathus_monstrosus,0.2
Lyssavirus,Rhinolophus_pearsonii,0.2
Lyssavirus,Sturnira_tildae,0.2
Lyssavirus,Pipistrellus_inexspectatus,0.2
Lyssavirus,Hipposideros_galeritus,0.2
Lyssavirus,Ia_io,0.2
Lyssavirus,Chalinolobus_gouldii,0.2
Lyssavirus,Rhinolophus_simulator,0.2
Lyssavirus,Rhinolophus_megaphyllus,0.2
Lyssavirus,Rhinolophus_mehelyi,0.2
Lyssavirus,Artibeus_toltecus,0.2
Lyssavirus,Sturnira_ludovici,0.2
Lyssavirus,Epomops_franqueti,0.2
Lyssavirus,Vespadelus_baverstocki,0.2
Lyssavirus,Myotis_davidii,0.2
Lyssavirus,Glossophaga_commissarisi,0.2
Lyssavirus,Mesophylla_macconnelli,0.2
Lyssavirus,Miniopterus_inflatus,0.2
Lyssavirus,Rhynchonycteris_naso,0.2
Lyssavirus,Rhinolophus_blasii,0.2
Lyssavirus,Rhinolophus_creaghi,0.2
Lyssavirus,Miniopterus_pusillus,0.2
Lyssavirus,Mimon_crenulatum,0.2
Lyssavirus,Megaerops_niphanae,0.2
Lyssavirus,Tylonycteris_pachypus,0.2
Lyssavirus,Pipistrellus_coromandra,0.2
Lyssavirus,Myotis_capaccinii,0.2
Lyssavirus,Hipposideros_speoris,0.2
Lyssavirus,Nyctalus_lasiopterus,0.2
Lyssavirus,Pipistrellus_hesperidus,0.2
Lyssavirus,Rhinonicteris_aurantia,0.2
Lyssavirus,Nyctalus_plancyi,0.2
Lyssavirus,Mystacina_tuberculata,0.2
Lyssavirus,Rhinolophus_rouxii,0.2
Lyssavirus,Rhinolophus_capensis,0.2
Lyssavirus,Epomophorus_labiatus,0.2
Lyssavirus,Pteropus_neohibernicus,0.2
Lyssavirus,Scotophilus_nigrita,0.2
Lyssavirus,Anoura_geoffroyi,0.2
Lyssavirus,Myotis_punicus,0.2
Lyssavirus,Aselliscus_stoliczkanus,0.2
Lyssavirus,Lonchorhina_aurita,0.2
Lyssavirus,Rhinolophus_stheno,0.2
Lyssavirus,Pipistrellus_pygmaeus,0.2
Lyssavirus,Vespadelus_regulus,0.2
Lyssavirus,Murina_aurata,0.2
Lyssavirus,Rhinolophus_macrotis,0.2
Lyssavirus,Hipposideros_vittatus,0.2
Lyssavirus,Hipposideros_lankadiva,0.2
Lyssavirus,Rhinolophus_hipposideros,0.2
Lyssavirus,Ptenochirus_jagori,0.2
Lyssavirus,Eptesicus_nilssonii,0.2
Lyssavirus,Myotis_macropus,0.2
Lyssavirus,Rhinolophus_monoceros,0.2
Lyssavirus,Anoura_caudifer,0.2
Lyssavirus,Miniopterus_natalensis,0.2
Lyssavirus,Pteropus_capistratus,0.2
Lyssavirus,Vespadelus_pumilus,0.2
Lyssavirus,Hipposideros_diadema,0.2
Lyssavirus,Hipposideros_commersoni,0.2
Lyssavirus,Rhinolophus_thomasi,0.2
Lyssavirus,Chalinolobus_morio,0.2
Lyssavirus,Miniopterus_magnater,0.2
Lyssavirus,Falsistrellus_mackenziei,0.2
Lyssavirus,Dobsonia_anderseni,0.2
Lyssavirus,Pteropus_admiralitatum,0.2
Lyssavirus,Rhinolophus_shameli,0.2
Lyssavirus,Myotis_macrodactylus,0.2
Lyssavirus,Cardioderma_cor,0.2
Lyssavirus,Artibeus_obscurus,0.2
Lyssavirus,Hipposideros_gigas,0.2
Lyssavirus,Myotis_brandtii,0.2
Lyssavirus,Dyacopterus_spadiceus,0.2
Marburgvirus,Eidolon_helvum,0.6
Marburgvirus,Artibeus_lituratus,0.6
Marburgvirus,Rousettus_leschenaultii,0.4
Marburgvirus,Carollia_perspicillata,0.4
Marburgvirus,Artibeus_jamaicensis,0.4
Marburgvirus,Phyllostomus_hastatus,0.4
Marburgvirus,Micropteropus_pusillus,0.4
Marburgvirus,Hipposideros_larvatus,0.2
Marburgvirus,Taphozous_perforatus,0.2
Marburgvirus,Pteropus_lylei,0.2
Marburgvirus,Lonchophylla_robusta,0.2
Marburgvirus,Cynopterus_brachyotis,0.2
Marburgvirus,Pteropus_alecto,0.2
Marburgvirus,Pteropus_conspicillatus,0.2
Marburgvirus,Dobsonia_moluccensis,0.2
Marburgvirus,Natalus_tumidirostris,0.2
Marburgvirus,Pteropus_rufus,0.2
Marburgvirus,Myonycteris_torquata,0.2
Marburgvirus,Epomophorus_labiatus,0.2
Marburgvirus,Pteropus_neohibernicus,0.2
Marburgvirus,Myotis_keenii,0.2
Marburgvirus,Myotis_septentrionalis,0.2
Marburgvirus,Rhinolophus_hildebrandtii,0.2
Marburgvirus,Miniopterus_schreibersii,0.2
Marburgvirus,Pteropus_giganteus,0.2
Marburgvirus,Rhinolophus_sinicus,0.2
Marburgvirus,Anoura_geoffroyi,0.2
Marburgvirus,Desmodus_rotundus,0.2
Marburgvirus,Pteropus_capistratus,0.2
Marburgvirus,Hipposideros_armiger,0.2
Marburgvirus,Hipposideros_pomona,0.2
Marburgvirus,Molossus_rufus,0.2
Marburgvirus,Scotophilus_kuhlii,0.2
Marburgvirus,Chaerephon_plicatus,0.2
Marburgvirus,Eidolon_dupreanum,0.2
Marburgvirus,Rousettus_amplexicaudatus,0.2
Marburgvirus,Molossus_molossus,0.2
Marburgvirus,Pteropus_scapulatus,0.2
Marburgvirus,Hipposideros_caffer,0.2
Marburgvirus,Rhinolophus_affinis,0.2
Marburgvirus,Pteropus_vampyrus,0.2
Marburgvirus,Dobsonia_anderseni,0.2
Marburgvirus,Myotis_ricketti,0.2
Marburgvirus,Pteropus_admiralitatum,0.2
Marburgvirus,Hipposideros_abae,0.2
Marburgvirus,Myotis_daubentonii,0.2
Marburgvirus,Pteropus_poliocephalus,0.2
Marburgvirus,Glossophaga_soricina,0.2
Marburgvirus,Lophostoma_silvicolum,0.2
Marburgvirus,Taphozous_theobaldi,0.2
Marburgvirus,Epomophorus_gambianus,0.2
Marburgvirus,Eonycteris_spelaea,0.2
Marburgvirus,Pteronotus_parnellii,0.2
Marburgvirus,Artibeus_phaeotis,0.2
Marburgvirus,Vampyrodes_caraccioli,0.2
Marburgvirus,Cynopterus_sphinx,0.2
Marburgvirus,Pteropus_hypomelanus,0.2
Marburgvirus,Pipistrellus_kuhlii,0.2
Marburgvirus,Glauconycteris_argentata,0.2
Marburgvirus,Sturnira_lilium,0.2
Orbivirus,Rousettus_leschenaultii,0.8
Orbivirus,Rousettus_aegyptiacus,0.8
Orbivirus,Cynopterus_brachyotis,0.6
Orbivirus,Pteropus_alecto,0.6
Orbivirus,Myotis_septentrionalis,0.6
Orbivirus,Artibeus_lituratus,0.6
Orbivirus,Carollia_perspicillata,0.6
Orbivirus,Molossus_rufus,0.6
Orbivirus,Scotophilus_kuhlii,0.6
Orbivirus,Molossus_molossus,0.6
Orbivirus,Pteropus_scapulatus,0.6
Orbivirus,Artibeus_jamaicensis,0.6
Orbivirus,Phyllostomus_hastatus,0.6
Orbivirus,Eonycteris_spelaea,0.6
Orbivirus,Pteronotus_parnellii,0.6
Orbivirus,Cynopterus_sphinx,0.6
Orbivirus,Taphozous_perforatus,0.4
Orbivirus,Pteropus_lylei,0.4
Orbivirus,Rhinolophus_ferrumequinum,0.4
Orbivirus,Artibeus_cinereus,0.4
Orbivirus,Pteropus_conspicillatus,0.4
Orbivirus,Myotis_mystacinus,0.4
Orbivirus,Epomops_franqueti,0.4
Orbivirus,Natalus_tumidirostris,0.4
Orbivirus,Myotis_keenii,0.4
Orbivirus,Miniopterus_schreibersii,0.4
Orbivirus,Pteropus_giganteus,0.4
Orbivirus,Anoura_geoffroyi,0.4
Orbivirus,Desmodus_rotundus,0.4
Orbivirus,Pteronotus_davyi,0.4
Orbivirus,Taphozous_melanopogon,0.4
Orbivirus,Hipposideros_armiger,0.4
Orbivirus,Hipposideros_pomona,0.4
Orbivirus,Mormoops_megalophylla,0.4
Orbivirus,Myotis_nigricans,0.4
Orbivirus,Rousettus_amplexicaudatus,0.4
Orbivirus,Pteropus_vampyrus,0.4
Orbivirus,Murina_leucogaster,0.4
Orbivirus,Tadarida_brasiliensis,0.4
Orbivirus,Myotis_daubentonii,0.4
Orbivirus,Pteropus_poliocephalus,0.4
Orbivirus,Glossophaga_soricina,0.4
Orbivirus,Plecotus_auritus,0.4
Orbivirus,Hypsignathus_monstrosus,0.4
Orbivirus,Pipistrellus_pipistrellus,0.4
Orbivirus,Epomophorus_gambianus,0.4
Orbivirus,Artibeus_phaeotis,0.4
Orbivirus,Barbastella_barbastellus,0.4
Orbivirus,Pteropus_hypomelanus,0.4
Orbivirus,Eptesicus_fuscus,0.4
Orbivirus,Myotis_lucifugus,0.4
Orbivirus,Rhinolophus_pusillus,0.4
Orbivirus,Sturnira_lilium,0.4
Orbivirus,Micropteropus_pusillus,0.4
Orbivirus,Uroderma_bilobatum,0.4
Orbivirus,Myotis_austroriparius,0.2
Orbivirus,Macroglossus_minimus,0.2
Orbivirus,Eumops_patagonicus,0.2
Orbivirus,Myotis_californicus,0.2
Orbivirus,Hipposideros_larvatus,0.2
Orbivirus,Pipistrellus_nathusii,0.2
Orbivirus,Phyllostomus_discolor,0.2
Orbivirus,Artibeus_toltecus,0.2
Orbivirus,Eumops_auripendulus,0.2
Orbivirus,Histiotus_velatus,0.2
Orbivirus,Myotis_levis,0.2
Orbivirus,Platyrrhinus_lineatus,0.2
Orbivirus,Nycteris_thebaica,0.2
Orbivirus,Epomophorus_wahlbergi,0.2
Orbivirus,Lasiurus_cinereus,0.2
Orbivirus,Rhinolophus_rouxii,0.2
Orbivirus,Lasiurus_blossevillii,0.2
Orbivirus,Vespertilio_sinensis,0.2
Orbivirus,Dobsonia_moluccensis,0.2
Orbivirus,Histiotus_montanus,0.2
Orbivirus,Hipposideros_cineraceus,0.2
Orbivirus,Lasiurus_seminolus,0.2
Orbivirus,Pteropus_rufus,0.2
Orbivirus,Myotis_myotis,0.2
Orbivirus,Myonycteris_torquata,0.2
Orbivirus,Myotis_chiloensis,0.2
Orbivirus,Eptesicus_furinalis,0.2
Orbivirus,Lasiurus_intermedius,0.2
Orbivirus,Artibeus_fimbriatus,0.2
Orbivirus,Epomophorus_labiatus,0.2
Orbivirus,Pteropus_neohibernicus,0.2
Orbivirus,Scotophilus_nigrita,0.2
Orbivirus,Molossops_neglectus,0.2
Orbivirus,Corynorhinus_townsendii,0.2
Orbivirus,Rhinolophus_sinicus,0.2
Orbivirus,Nyctalus_noctula,0.2
Orbivirus,Cynomops_planirostris,0.2
Orbivirus,Philetor_brachypterus,0.2
Orbivirus,Diaemus_youngi,0.2
Orbivirus,Myotis_albescens,0.2
Orbivirus,Saccolaimus_flaviventris,0.2
Orbivirus,Natalus_stramineus,0.2
Orbivirus,Pteropus_capistratus,0.2
Orbivirus,Mimon_crenulatum,0.2
Orbivirus,Eumops_glaucinus,0.2
Orbivirus,Macrotus_californicus,0.2
Orbivirus,Vespadelus_pumilus,0.2
Orbivirus,Eptesicus_diminutus,0.2
Orbivirus,Diphylla_ecaudata,0.2
Orbivirus,Diclidurus_albus,0.2
Orbivirus,Chaerephon_plicatus,0.2
Orbivirus,Cynomops_abrasus,0.2
Orbivirus,Nyctinomops_macrotis,0.2
Orbivirus,Myotis_nattereri,0.2
Orbivirus,Lasiurus_borealis,0.2
Orbivirus,Eidolon_dupreanum,0.2
Orbivirus,Myotis_leibii,0.2
Orbivirus,Myotis_yumanensis,0.2
Orbivirus,Nycticeius_humeralis,0.2
Orbivirus,Chaerephon_pumilus,0.2
Orbivirus,Pipistrellus_subflavus,0.2
Orbivirus,Hipposideros_bicolor,0.2
Orbivirus,Rhinolophus_affinis,0.2
Orbivirus,Myotis_dasycneme,0.2
Orbivirus,Lasiurus_ega,0.2
Orbivirus,Myotis_riparius,0.2
Orbivirus,Carollia_brevicauda,0.2
Orbivirus,Eptesicus_brasiliensis,0.2
Orbivirus,Dobsonia_anderseni,0.2
Orbivirus,Myotis_ricketti,0.2
Orbivirus,Myotis_thysanodes,0.2
Orbivirus,Nyctinomops_laticaudatus,0.2
Orbivirus,Pteropus_admiralitatum,0.2
Orbivirus,Murina_aurata,0.2
Orbivirus,Hipposideros_speoris,0.2
Orbivirus,Saccolaimus_saccolaimus,0.2
Orbivirus,Myotis_velifer,0.2
Orbivirus,Eptesicus_serotinus,0.2
Orbivirus,Tadarida_teniotis,0.2
Orbivirus,Epomops_dobsonii,0.2
Orbivirus,Micronycteris_megalotis,0.2
Orbivirus,Myotis_macrodactylus,0.2
Orbivirus,Myotis_volans,0.2
Orbivirus,Taphozous_theobaldi,0.2
Orbivirus,Leptonycteris_curasoae,0.2
Orbivirus,Chrotopterus_auritus,0.2
Orbivirus,Leptonycteris_nivalis,0.2
Orbivirus,Pipistrellus_hesperus,0.2
Orbivirus,Sturnira_tildae,0.2
Orbivirus,Platyrrhinus_helleri,0.2
Orbivirus,Myotis_blythii,0.2
Orbivirus,Vespertilio_murinus,0.2
Orbivirus,Pipistrellus_abramus,0.2
Orbivirus,Hipposideros_lankadiva,0.2
Orbivirus,Glossophaga_morenoi,0.2
Orbivirus,Myotis_grisescens,0.2
Orbivirus,Euderma_maculatum,0.2
Orbivirus,Antrozous_pallidus,0.2
Orbivirus,Lasiurus_xanthinus,0.2
Orbivirus,Glossophaga_longirostris,0.2
Orbivirus,Eumops_perotis,0.2
Orbivirus,Lasiurus_egregius,0.2
Orbivirus,Lasionycteris_noctivagans,0.2
Orbivirus,Myotis_evotis,0.2
Orthobunyavirus,Rousettus_leschenaultii,0.8
Orthobunyavirus,Artibeus_phaeotis,0.8
Orthobunyavirus,Pteropus_alecto,0.6
Orthobunyavirus,Desmodus_rotundus,0.6
Orthobunyavirus,Glossophaga_soricina,0.6
Orthobunyavirus,Sturnira_lilium,0.6
Orthobunyavirus,Rhinolophus_ferrumequinum,0.4
Orthobunyavirus,Cynopterus_brachyotis,0.4
Orthobunyavirus,Phyllostomus_discolor,0.4
Orthobunyavirus,Vespertilio_sinensis,0.4
Orthobunyavirus,Miniopterus_schreibersii,0.4
Orthobunyavirus,Pteronotus_davyi,0.4
Orthobunyavirus,Hipposideros_armiger,0.4
Orthobunyavirus,Scotophilus_kuhlii,0.4
Orthobunyavirus,Myotis_nigricans,0.4
Orthobunyavirus,Rousettus_amplexicaudatus,0.4
Orthobunyavirus,Chaerephon_pumilus,0.4
Orthobunyavirus,Hipposideros_caffer,0.4
Orthobunyavirus,Carollia_brevicauda,0.4
Orthobunyavirus,Tadarida_brasiliensis,0.4
Orthobunyavirus,Pipistrellus_pipistrellus,0.4
Orthobunyavirus,Eonycteris_spelaea,0.4
Orthobunyavirus,Platyrrhinus_helleri,0.4
Orthobunyavirus,Pipistrellus_abramus,0.4
Orthobunyavirus,Eptesicus_fuscus,0.4
Orthobunyavirus,Myotis_lucifugus,0.4
Orthobunyavirus,Rhinolophus_pusillus,0.4
Orthobunyavirus,Uroderma_bilobatum,0.4
Orthobunyavirus,Micropteropus_pusillus,0.4
Orthobunyavirus,Rhinolophus_mehelyi,0.2
Orthobunyavirus,Macroglossus_minimus,0.2
Orthobunyavirus,Pipistrellus_nathusii,0.2
Orthobunyavirus,Rhinolophus_cornutus,0.2
Orthobunyavirus,Artibeus_cinereus,0.2
Orthobunyavirus,Artibeus_toltecus,0.2
Orthobunyavirus,Lonchophylla_robusta,0.2
Orthobunyavirus,Lasiurus_cinereus,0.2
Orthobunyavirus,Hypsugo_savii,0.2
Orthobunyavirus,Rhinolophus_rouxii,0.2
Orthobunyavirus,Sturnira_ludovici,0.2
Orthobunyavirus,Eptesicus_nilssonii,0.2
Orthobunyavirus,Myotis_mystacinus,0.2
Orthobunyavirus,Rhinolophus_monoceros,0.2
Orthobunyavirus,Dobsonia_moluccensis,0.2
Orthobunyavirus,Hipposideros_cineraceus,0.2
Orthobunyavirus,Mops_condylurus,0.2
Orthobunyavirus,Pteropus_rufus,0.2
Orthobunyavirus,Myonycteris_torquata,0.2
Orthobunyavirus,Rhinolophus_euryale,0.2
Orthobunyavirus,Scotophilus_dinganii,0.2
Orthobunyavirus,Rhinolophus_eloquens,0.2
Orthobunyavirus,Carollia_subrufa,0.2
Orthobunyavirus,Hipposideros_ruber,0.2
Orthobunyavirus,Glossophaga_commissarisi,0.2
Orthobunyavirus,Cynopterus_horsfieldii,0.2
Orthobunyavirus,Scotophilus_nigrita,0.2
Orthobunyavirus,Rhinolophus_hildebrandtii,0.2
Orthobunyavirus,Pteropus_giganteus,0.2
Orthobunyavirus,Rhynchonycteris_naso,0.2
Orthobunyavirus,Rhinolophus_sinicus,0.2
Orthobunyavirus,Rhinolophus_blasii,0.2
Orthobunyavirus,Rhinolophus_creaghi,0.2
Orthobunyavirus,Nyctalus_noctula,0.2
Orthobunyavirus,Natalus_stramineus,0.2
Orthobunyavirus,Taphozous_melanopogon,0.2
Orthobunyavirus,Mimon_crenulatum,0.2
Orthobunyavirus,Eumops_glaucinus,0.2
Orthobunyavirus,Megaerops_niphanae,0.2
Orthobunyavirus,Tylonycteris_pachypus,0.2
Orthobunyavirus,Hipposideros_pomona,0.2
Orthobunyavirus,Vespadelus_pumilus,0.2
Orthobunyavirus,Mormoops_megalophylla,0.2
Orthobunyavirus,Aselliscus_stoliczkanus,0.2
Orthobunyavirus,Triaenops_persicus,0.2
Orthobunyavirus,Hipposideros_commersoni,0.2
Orthobunyavirus,Rhinolophus_thomasi,0.2
Orthobunyavirus,Eidolon_dupreanum,0.2
Orthobunyavirus,Hipposideros_pratti,0.2
Orthobunyavirus,Scotophilus_leucogaster,0.2
Orthobunyavirus,Pteropus_scapulatus,0.2
Orthobunyavirus,Hipposideros_bicolor,0.2
Orthobunyavirus,Rhinolophus_affinis,0.2
Orthobunyavirus,Myotis_dasycneme,0.2
Orthobunyavirus,Pteropus_vampyrus,0.2
Orthobunyavirus,Neoromicia_capensis,0.2
Orthobunyavirus,Pipistrellus_pygmaeus,0.2
Orthobunyavirus,Murina_leucogaster,0.2
Orthobunyavirus,Myotis_ricketti,0.2
Orthobunyavirus,Megaloglossus_woermanni,0.2
Orthobunyavirus,Nyctinomops_laticaudatus,0.2
Orthobunyavirus,Murina_aurata,0.2
Orthobunyavirus,Hipposideros_speoris,0.2
Orthobunyavirus,Myotis_daubentonii,0.2
Orthobunyavirus,Eptesicus_serotinus,0.2
Orthobunyavirus,Nycteris_gambiensis,0.2
Orthobunyavirus,Rhinopoma_hardwickii,0.2
Orthobunyavirus,Myotis_macrodactylus,0.2
Orthobunyavirus,Plecotus_auritus,0.2
Orthobunyavirus,Lophostoma_silvicolum,0.2
Orthobunyavirus,Hypsignathus_monstrosus,0.2
Orthobunyavirus,Epomophorus_gambianus,0.2
Orthobunyavirus,Rhinolophus_pearsonii,0.2
Orthobunyavirus,Artibeus_obscurus,0.2
Orthobunyavirus,Sturnira_tildae,0.2
Orthobunyavirus,Pipistrellus_hesperidus,0.2
Orthobunyavirus,Rhinolophus_macrotis,0.2
Orthobunyavirus,Hipposideros_galeritus,0.2
Orthobunyavirus,Rhinonicteris_aurantia,0.2
Orthobunyavirus,Myotis_emarginatus,0.2
Orthobunyavirus,Ia_io,0.2
Orthobunyavirus,Hipposideros_lankadiva,0.2
Orthobunyavirus,Barbastella_barbastellus,0.2
Orthobunyavirus,Rhinolophus_rex,0.2
Orthobunyavirus,Vampyrodes_caraccioli,0.2
Orthobunyavirus,Rhinolophus_hipposideros,0.2
Orthobunyavirus,Ptenochirus_jagori,0.2
Orthobunyavirus,Dyacopterus_spadiceus,0.2
Orthobunyavirus,Rhinolophus_clivosus,0.2
Orthobunyavirus,Pipistrellus_kuhlii,0.2
Orthohepadnavirus,Artibeus_lituratus,0.8
Orthohepadnavirus,Glossophaga_soricina,0.8
Orthohepadnavirus,Desmodus_rotundus,0.8
Orthohepadnavirus,Artibeus_jamaicensis,0.8
Orthohepadnavirus,Carollia_perspicillata,0.8
Orthohepadnavirus,Phyllostomus_hastatus,0.8
Orthohepadnavirus,Artibeus_phaeotis,0.8
Orthohepadnavirus,Sturnira_lilium,0.8
Orthohepadnavirus,Pteropus_alecto,0.6
Orthohepadnavirus,Rousettus_leschenaultii,0.6
Orthohepadnavirus,Eidolon_helvum,0.6
Orthohepadnavirus,Molossus_rufus,0.6
Orthohepadnavirus,Eptesicus_fuscus,0.6
Orthohepadnavirus,Myotis_septentrionalis,0.6
Orthohepadnavirus,Scotophilus_kuhlii,0.6
Orthohepadnavirus,Myotis_nigricans,0.6
Orthohepadnavirus,Rousettus_aegyptiacus,0.6
Orthohepadnavirus,Tadarida_brasiliensis,0.6
Orthohepadnavirus,Nycteris_gambiensis,0.6
Orthohepadnavirus,Myotis_lucifugus,0.6
Orthohepadnavirus,Mormoops_megalophylla,0.4
Orthohepadnavirus,Molossus_molossus,0.4
Orthohepadnavirus,Chaerephon_pumilus,0.4
Orthohepadnavirus,Rhinolophus_ferrumequinum,0.4
Orthohepadnavirus,Lasiurus_cinereus,0.4
Orthohepadnavirus,Miniopterus_schreibersii,0.4
Orthohepadnavirus,Taphozous_melanopogon,0.4
Orthohepadnavirus,Pipistrellus_pipistrellus,0.4
Orthohepadnavirus,Eonycteris_spelaea,0.4
Orthohepadnavirus,Cynopterus_brachyotis,0.4
Orthohepadnavirus,Phyllostomus_discolor,0.4
Orthohepadnavirus,Artibeus_cinereus,0.4
Orthohepadnavirus,Pteronotus_davyi,0.4
Orthohepadnavirus,Carollia_brevicauda,0.4
Orthohepadnavirus,Murina_leucogaster,0.4
Orthohepadnavirus,Pteronotus_parnellii,0.4
Orthohepadnavirus,Platyrrhinus_helleri,0.4
Orthohepadnavirus,Cynopterus_sphinx,0.4
Orthohepadnavirus,Myotis_mystacinus,0.4
Orthohepadnavirus,Myotis_keenii,0.4
Orthohepadnavirus,Pteropus_scapulatus,0.4
Orthohepadnavirus,Plecotus_auritus,0.4
Orthohepadnavirus,Barbastella_barbastellus,0.4
Orthohepadnavirus,Rhinolophus_pusillus,0.4
Orthohepadnavirus,Macroglossus_minimus,0.2
Orthohepadnavirus,Eumops_patagonicus,0.2
Orthohepadnavirus,Pteropus_lylei,0.2
Orthohepadnavirus,Eumops_auripendulus,0.2
Orthohepadnavirus,Histiotus_velatus,0.2
Orthohepadnavirus,Platyrrhinus_lineatus,0.2
Orthohepadnavirus,Vespertilio_sinensis,0.2
Orthohepadnavirus,Natalus_tumidirostris,0.2
Orthohepadnavirus,Hipposideros_cineraceus,0.2
Orthohepadnavirus,Eptesicus_furinalis,0.2
Orthohepadnavirus,Carollia_subrufa,0.2
Orthohepadnavirus,Rhinolophus_hildebrandtii,0.2
Orthohepadnavirus,Nyctalus_noctula,0.2
Orthohepadnavirus,Diaemus_youngi,0.2
Orthohepadnavirus,Natalus_stramineus,0.2
Orthohepadnavirus,Myotis_yumanensis,0.2
Orthohepadnavirus,Myotis_thysanodes,0.2
Orthohepadnavirus,Saccolaimus_saccolaimus,0.2
Orthohepadnavirus,Eptesicus_serotinus,0.2
Orthohepadnavirus,Epomops_dobsonii,0.2
Orthohepadnavirus,Chrotopterus_auritus,0.2
Orthohepadnavirus,Pipistrellus_hesperus,0.2
Orthohepadnavirus,Sturnira_tildae,0.2
Orthohepadnavirus,Myotis_blythii,0.2
Orthohepadnavirus,Vespertilio_murinus,0.2
Orthohepadnavirus,Pipistrellus_abramus,0.2
Orthohepadnavirus,Lasiurus_egregius,0.2
Orthohepadnavirus,Micropteropus_pusillus,0.2
Orthohepadnavirus,Taphozous_perforatus,0.2
Orthohepadnavirus,Nycteris_thebaica,0.2
Orthohepadnavirus,Artibeus_toltecus,0.2
Orthohepadnavirus,Epomophorus_wahlbergi,0.2
Orthohepadnavirus,Sturnira_ludovici,0.2
Orthohepadnavirus,Lasiurus_seminolus,0.2
Orthohepadnavirus,Rhinolophus_eloquens,0.2
Orthohepadnavirus,Glossophaga_commissarisi,0.2
Orthohepadnavirus,Corynorhinus_townsendii,0.2
Orthohepadnavirus,Rhynchonycteris_naso,0.2
Orthohepadnavirus,Philetor_brachypterus,0.2
Orthohepadnavirus,Mimon_crenulatum,0.2
Orthohepadnavirus,Hipposideros_armiger,0.2
Orthohepadnavirus,Hipposideros_pomona,0.2
Orthohepadnavirus,Nyctinomops_macrotis,0.2
Orthohepadnavirus,Myotis_nattereri,0.2
Orthohepadnavirus,Pipistrellus_subflavus,0.2
Orthohepadnavirus,Hipposideros_caffer,0.2
Orthohepadnavirus,Hipposideros_speoris,0.2
Orthohepadnavirus,Myotis_daubentonii,0.2
Orthohepadnavirus,Tadarida_teniotis,0.2
Orthohepadnavirus,Micronycteris_megalotis,0.2
Orthohepadnavirus,Euderma_maculatum,0.2
Orthohepadnavirus,Lasiurus_xanthinus,0.2
Orthohepadnavirus,Myotis_austroriparius,0.2
Orthohepadnavirus,Myotis_californicus,0.2
Orthohepadnavirus,Pipistrellus_nathusii,0.2
Orthohepadnavirus,Lonchophylla_robusta,0.2
Orthohepadnavirus,Myotis_levis,0.2
Orthohepadnavirus,Rhinolophus_rouxii,0.2
Orthohepadnavirus,Histiotus_montanus,0.2
Orthohepadnavirus,Myotis_myotis,0.2
Orthohepadnavirus,Lasiurus_intermedius,0.2
Orthohepadnavirus,Scotophilus_nigrita,0.2
Orthohepadnavirus,Molossops_neglectus,0.2
Orthohepadnavirus,Pteropus_giganteus,0.2
Orthohepadnavirus,Anoura_geoffroyi,0.2
Orthohepadnavirus,Myotis_albescens,0.2
Orthohepadnavirus,Eumops_glaucinus,0.2
Orthohepadnavirus,Macrotus_californicus,0.2
Orthohepadnavirus,Rousettus_amplexicaudatus,0.2
Orthohepadnavirus,Myotis_dasycneme,0.2
Orthohepadnavirus,Nyctinomops_laticaudatus,0.2
Orthohepadnavirus,Murina_aurata,0.2
Orthohepadnavirus,Myotis_velifer,0.2
Orthohepadnavirus,Myotis_volans,0.2
Orthohepadnavirus,Epomophorus_gambianus,0.2
Orthohepadnavirus,Leptonycteris_curasoae,0.2
Orthohepadnavirus,Leptonycteris_nivalis,0.2
Orthohepadnavirus,Hipposideros_lankadiva,0.2
Orthohepadnavirus,Glossophaga_morenoi,0.2
Orthohepadnavirus,Myotis_grisescens,0.2
Orthohepadnavirus,Antrozous_pallidus,0.2
Orthohepadnavirus,Lasionycteris_noctivagans,0.2
Orthohepadnavirus,Myotis_evotis,0.2
Orthohepadnavirus,Syconycteris_australis,0.2
Orthohepadnavirus,Lasiurus_blossevillii,0.2
Orthohepadnavirus,Pteropus_conspicillatus,0.2
Orthohepadnavirus,Myotis_chiloensis,0.2
Orthohepadnavirus,Artibeus_fimbriatus,0.2
Orthohepadnavirus,Cynomops_planirostris,0.2
Orthohepadnavirus,Saccolaimus_flaviventris,0.2
Orthohepadnavirus,Eptesicus_diminutus,0.2
Orthohepadnavirus,Diphylla_ecaudata,0.2
Orthohepadnavirus,Vespadelus_pumilus,0.2
Orthohepadnavirus,Diclidurus_albus,0.2
Orthohepadnavirus,Cynomops_abrasus,0.2
Orthohepadnavirus,Myotis_leibii,0.2
Orthohepadnavirus,Lasiurus_borealis,0.2
Orthohepadnavirus,Nycteris_nana,0.2
Orthohepadnavirus,Nycticeius_humeralis,0.2
Orthohepadnavirus,Hipposideros_bicolor,0.2
Orthohepadnavirus,Lasiurus_ega,0.2
Orthohepadnavirus,Pteropus_vampyrus,0.2
Orthohepadnavirus,Myotis_riparius,0.2
Orthohepadnavirus,Eptesicus_brasiliensis,0.2
Orthohepadnavirus,Pteropus_poliocephalus,0.2
Orthohepadnavirus,Myotis_macrodactylus,0.2
Orthohepadnavirus,Lophostoma_silvicolum,0.2
Orthohepadnavirus,Vampyrodes_caraccioli,0.2
Orthohepadnavirus,Glossophaga_longirostris,0.2
Orthohepadnavirus,Pteropus_hypomelanus,0.2
Orthohepadnavirus,Eumops_perotis,0.2
Orthoreovirus,Pteropus_alecto,0.8
Orthoreovirus,Eidolon_helvum,0.8
Orthoreovirus,Scotophilus_kuhlii,0.8
Orthoreovirus,Rousettus_aegyptiacus,0.8
Orthoreovirus,Molossus_rufus,0.6
Orthoreovirus,Eptesicus_fuscus,0.6
Orthoreovirus,Myotis_septentrionalis,0.6
Orthoreovirus,Artibeus_lituratus,0.6
Orthoreovirus,Myotis_nigricans,0.6
Orthoreovirus,Tadarida_brasiliensis,0.6
Orthoreovirus,Glossophaga_soricina,0.6
Orthoreovirus,Eonycteris_spelaea,0.6
Orthoreovirus,Uroderma_bilobatum,0.6
Orthoreovirus,Cynopterus_brachyotis,0.6
Orthoreovirus,Desmodus_rotundus,0.6
Orthoreovirus,Artibeus_jamaicensis,0.6
Orthoreovirus,Myotis_lucifugus,0.6
Orthoreovirus,Carollia_perspicillata,0.6
Orthoreovirus,Pteropus_scapulatus,0.6
Orthoreovirus,Phyllostomus_hastatus,0.6
Orthoreovirus,Artibeus_phaeotis,0.6
Orthoreovirus,Sturnira_lilium,0.6
Orthoreovirus,Pteropus_lylei,0.4
Orthoreovirus,Mormoops_megalophylla,0.4
Orthoreovirus,Molossus_molossus,0.4
Orthoreovirus,Chaerephon_pumilus,0.4
Orthoreovirus,Hypsignathus_monstrosus,0.4
Orthoreovirus,Micropteropus_pusillus,0.4
Orthoreovirus,Rhinolophus_ferrumequinum,0.4
Orthoreovirus,Lasiurus_cinereus,0.4
Orthoreovirus,Miniopterus_schreibersii,0.4
Orthoreovirus,Taphozous_melanopogon,0.4
Orthoreovirus,Hipposideros_armiger,0.4
Orthoreovirus,Hipposideros_pomona,0.4
Orthoreovirus,Myotis_daubentonii,0.4
Orthoreovirus,Nycteris_gambiensis,0.4
Orthoreovirus,Pipistrellus_pipistrellus,0.4
Orthoreovirus,Phyllostomus_discolor,0.4
Orthoreovirus,Artibeus_cinereus,0.4
Orthoreovirus,Pteropus_giganteus,0.4
Orthoreovirus,Pteronotus_davyi,0.4
Orthoreovirus,Rousettus_amplexicaudatus,0.4
Orthoreovirus,Carollia_brevicauda,0.4
Orthoreovirus,Murina_leucogaster,0.4
Orthoreovirus,Epomophorus_gambianus,0.4
Orthoreovirus,Pteronotus_parnellii,0.4
Orthoreovirus,Platyrrhinus_helleri,0.4
Orthoreovirus,Cynopterus_sphinx,0.4
Orthoreovirus,Pteropus_conspicillatus,0.4
Orthoreovirus,Myotis_mystacinus,0.4
Orthoreovirus,Myotis_keenii,0.4
Orthoreovirus,Pteropus_vampyrus,0.4
Orthoreovirus,Plecotus_auritus,0.4
Orthoreovirus,Barbastella_barbastellus,0.4
Orthoreovirus,Pteropus_hypomelanus,0.4
Orthoreovirus,Rhinolophus_pusillus,0.4
Orthoreovirus,Macroglossus_minimus,0.2
Orthoreovirus,Eumops_patagonicus,0.2
Orthoreovirus,Eumops_auripendulus,0.2
Orthoreovirus,Histiotus_velatus,0.2
Orthoreovirus,Platyrrhinus_lineatus,0.2
Orthoreovirus,Vespertilio_sinensis,0.2
Orthoreovirus,Natalus_tumidirostris,0.2
Orthoreovirus,Hipposideros_cineraceus,0.2
Orthoreovirus,Myonycteris_torquata,0.2
Orthoreovirus,Eptesicus_furinalis,0.2
Orthoreovirus,Carollia_subrufa,0.2
Orthoreovirus,Nyctalus_noctula,0.2
Orthoreovirus,Diaemus_youngi,0.2
Orthoreovirus,Natalus_stramineus,0.2
Orthoreovirus,Myotis_yumanensis,0.2
Orthoreovirus,Myotis_thysanodes,0.2
Orthoreovirus,Saccolaimus_saccolaimus,0.2
Orthoreovirus,Eptesicus_serotinus,0.2
Orthoreovirus,Epomops_dobsonii,0.2
Orthoreovirus,Chrotopterus_auritus,0.2
Orthoreovirus,Pipistrellus_hesperus,0.2
Orthoreovirus,Sturnira_tildae,0.2
Orthoreovirus,Myotis_blythii,0.2
Orthoreovirus,Vespertilio_murinus,0.2
Orthoreovirus,Pipistrellus_abramus,0.2
Orthoreovirus,Lasiurus_egregius,0.2
Orthoreovirus,Hipposideros_larvatus,0.2
Orthoreovirus,Taphozous_perforatus,0.2
Orthoreovirus,Nycteris_thebaica,0.2
Orthoreovirus,Epomophorus_wahlbergi,0.2
Orthoreovirus,Artibeus_toltecus,0.2
Orthoreovirus,Sturnira_ludovici,0.2
Orthoreovirus,Epomops_franqueti,0.2
Orthoreovirus,Lasiurus_seminolus,0.2
Orthoreovirus,Pteropus_rufus,0.2
Orthoreovirus,Glossophaga_commissarisi,0.2
Orthoreovirus,Corynorhinus_townsendii,0.2
Orthoreovirus,Rhynchonycteris_naso,0.2
Orthoreovirus,Philetor_brachypterus,0.2
Orthoreovirus,Mimon_crenulatum,0.2
Orthoreovirus,Nyctinomops_macrotis,0.2
Orthoreovirus,Myotis_nattereri,0.2
Orthoreovirus,Pipistrellus_subflavus,0.2
Orthoreovirus,Hipposideros_caffer,0.2
Orthoreovirus,Hipposideros_speoris,0.2
Orthoreovirus,Tadarida_teniotis,0.2
Orthoreovirus,Micronycteris_megalotis,0.2
Orthoreovirus,Euderma_maculatum,0.2
Orthoreovirus,Lasiurus_xanthinus,0.2
Orthoreovirus,Myotis_austroriparius,0.2
Orthoreovirus,Myotis_californicus,0.2
Orthoreovirus,Pipistrellus_nathusii,0.2
Orthoreovirus,Myotis_levis,0.2
Orthoreovirus,Rhinolophus_rouxii,0.2
Orthoreovirus,Dobsonia_moluccensis,0.2
Orthoreovirus,Histiotus_montanus,0.2
Orthoreovirus,Myotis_myotis,0.2
Orthoreovirus,Lasiurus_intermedius,0.2
Orthoreovirus,Pteropus_neohibernicus,0.2
Orthoreovirus,Scotophilus_nigrita,0.2
Orthoreovirus,Molossops_neglectus,0.2
Orthoreovirus,Anoura_geoffroyi,0.2
Orthoreovirus,Myotis_albescens,0.2
Orthoreovirus,Eumops_glaucinus,0.2
Orthoreovirus,Macrotus_californicus,0.2
Orthoreovirus,Eidolon_dupreanum,0.2
Orthoreovirus,Myotis_dasycneme,0.2
Orthoreovirus,Myotis_ricketti,0.2
Orthoreovirus,Nyctinomops_laticaudatus,0.2
Orthoreovirus,Murina_aurata,0.2
Orthoreovirus,Myotis_velifer,0.2
Orthoreovirus,Myotis_volans,0.2
Orthoreovirus,Leptonycteris_curasoae,0.2
Orthoreovirus,Leptonycteris_nivalis,0.2
Orthoreovirus,Hipposideros_lankadiva,0.2
Orthoreovirus,Glossophaga_morenoi,0.2
Orthoreovirus,Myotis_grisescens,0.2
Orthoreovirus,Antrozous_pallidus,0.2
Orthoreovirus,Lasionycteris_noctivagans,0.2
Orthoreovirus,Myotis_evotis,0.2
Orthoreovirus,Lasiurus_blossevillii,0.2
Orthoreovirus,Myotis_chiloensis,0.2
Orthoreovirus,Artibeus_fimbriatus,0.2
Orthoreovirus,Rhinolophus_sinicus,0.2
Orthoreovirus,Cynomops_planirostris,0.2
Orthoreovirus,Saccolaimus_flaviventris,0.2
Orthoreovirus,Pteropus_capistratus,0.2
Orthoreovirus,Eptesicus_diminutus,0.2
Orthoreovirus,Diphylla_ecaudata,0.2
Orthoreovirus,Diclidurus_albus,0.2
Orthoreovirus,Vespadelus_pumilus,0.2
Orthoreovirus,Cynomops_abrasus,0.2
Orthoreovirus,Myotis_leibii,0.2
Orthoreovirus,Lasiurus_borealis,0.2
Orthoreovirus,Nycticeius_humeralis,0.2
Orthoreovirus,Hipposideros_bicolor,0.2
Orthoreovirus,Rhinolophus_affinis,0.2
Orthoreovirus,Lasiurus_ega,0.2
Orthoreovirus,Myotis_riparius,0.2
Orthoreovirus,Eptesicus_brasiliensis,0.2
Orthoreovirus,Dobsonia_anderseni,0.2
Orthoreovirus,Pteropus_admiralitatum,0.2
Orthoreovirus,Myotis_macrodactylus,0.2
Orthoreovirus,Glossophaga_longirostris,0.2
Orthoreovirus,Eumops_perotis,0.2
Phlebovirus,Rousettus_aegyptiacus,1.0
Phlebovirus,Eidolon_helvum,0.8
Phlebovirus,Rousettus_leschenaultii,0.6
Phlebovirus,Carollia_perspicillata,0.6
Phlebovirus,Cynopterus_sphinx,0.6
Phlebovirus,Taphozous_perforatus,0.4
Phlebovirus,Rhinolophus_ferrumequinum,0.4
Phlebovirus,Hypsugo_savii,0.4
Phlebovirus,Mops_condylurus,0.4
Phlebovirus,Rhinolophus_euryale,0.4
Phlebovirus,Scotophilus_dinganii,0.4
Phlebovirus,Hipposideros_ruber,0.4
Phlebovirus,Epomophorus_labiatus,0.4
Phlebovirus,Miniopterus_inflatus,0.4
Phlebovirus,Pteropus_giganteus,0.4
Phlebovirus,Rhinolophus_sinicus,0.4
Phlebovirus,Hipposideros_armiger,0.4
Phlebovirus,Triaenops_persicus,0.4
Phlebovirus,Molossus_rufus,0.4
Phlebovirus,Chaerephon_plicatus,0.4
Phlebovirus,Hipposideros_pratti,0.4
Phlebovirus,Rousettus_amplexicaudatus,0.4
Phlebovirus,Scotophilus_leucogaster,0.4
Phlebovirus,Rhinolophus_affinis,0.4
Phlebovirus,Artibeus_jamaicensis,0.4
Phlebovirus,Neoromicia_capensis,0.4
Phlebovirus,Myotis_ricketti,0.4
Phlebovirus,Megaloglossus_woermanni,0.4
Phlebovirus,Myotis_daubentonii,0.4
Phlebovirus,Eptesicus_serotinus,0.4
Phlebovirus,Rhinopoma_hardwickii,0.4
Phlebovirus,Hypsignathus_monstrosus,0.4
Phlebovirus,Pipistrellus_pipistrellus,0.4
Phlebovirus,Epomophorus_gambianus,0.4
Phlebovirus,Eonycteris_spelaea,0.4
Phlebovirus,Pteronotus_parnellii,0.4
Phlebovirus,Myotis_emarginatus,0.4
Phlebovirus,Pipistrellus_abramus,0.4
Phlebovirus,Rhinolophus_rex,0.4
Phlebovirus,Rhinolophus_clivosus,0.4
Phlebovirus,Pipistrellus_nathusii,0.2
Phlebovirus,Rhinolophus_cornutus,0.2
Phlebovirus,Myotis_longipes,0.2
Phlebovirus,Cynopterus_brachyotis,0.2
Phlebovirus,Hipposideros_larvatus,0.2
Phlebovirus,Eptesicus_nilssonii,0.2
Phlebovirus,Pteropus_alecto,0.2
Phlebovirus,Lichonycteris_obscura,0.2
Phlebovirus,Rhinolophus_capensis,0.2
Phlebovirus,Vespertilio_sinensis,0.2
Phlebovirus,Myotis_macropus,0.2
Phlebovirus,Rhinolophus_monoceros,0.2
Phlebovirus,Dobsonia_moluccensis,0.2
Phlebovirus,Natalus_tumidirostris,0.2
Phlebovirus,Scotophilus_nux,0.2
Phlebovirus,Pteropus_rufus,0.2
Phlebovirus,Myotis_myotis,0.2
Phlebovirus,Myonycteris_torquata,0.2
Phlebovirus,Tylonycteris_robustula,0.2
Phlebovirus,Anoura_caudifer,0.2
Phlebovirus,Neoromicia_nanus,0.2
Phlebovirus,Vespadelus_baverstocki,0.2
Phlebovirus,Rhinolophus_eloquens,0.2
Phlebovirus,Myotis_davidii,0.2
Phlebovirus,Sturnira_erythromos,0.2
Phlebovirus,Cynopterus_horsfieldii,0.2
Phlebovirus,Mesophylla_macconnelli,0.2
Phlebovirus,Myotis_keenii,0.2
Phlebovirus,Myotis_horsfieldii,0.2
Phlebovirus,Myotis_septentrionalis,0.2
Phlebovirus,Miniopterus_australis,0.2
Phlebovirus,Rhinolophus_blasii,0.2
Phlebovirus,Rhinolophus_creaghi,0.2
Phlebovirus,Nyctalus_noctula,0.2
Phlebovirus,Anoura_geoffroyi,0.2
Phlebovirus,Rhinolophus_coelophyllus,0.2
Phlebovirus,Desmodus_rotundus,0.2
Phlebovirus,Miniopterus_natalensis,0.2
Phlebovirus,Cynomops_planirostris,0.2
Phlebovirus,Eumops_glaucinus,0.2
Phlebovirus,Pteronotus_davyi,0.2
Phlebovirus,Miniopterus_pusillus,0.2
Phlebovirus,Myotis_punicus,0.2
Phlebovirus,Megaerops_niphanae,0.2
Phlebovirus,Tylonycteris_pachypus,0.2
Phlebovirus,Hipposideros_pomona,0.2
Phlebovirus,Aselliscus_stoliczkanus,0.2
Phlebovirus,Pipistrellus_coromandra,0.2
Phlebovirus,Lonchorhina_aurita,0.2
Phlebovirus,Hipposideros_diadema,0.2
Phlebovirus,Cynomops_abrasus,0.2
Phlebovirus,Scotophilus_kuhlii,0.2
Phlebovirus,Hipposideros_commersoni,0.2
Phlebovirus,Rhinolophus_thomasi,0.2
Phlebovirus,Eidolon_dupreanum,0.2
Phlebovirus,Myotis_nigricans,0.2
Phlebovirus,Molossus_molossus,0.2
Phlebovirus,Rhinolophus_stheno,0.2
Phlebovirus,Chaerephon_pumilus,0.2
Phlebovirus,Myotis_nattereri,0.2
Phlebovirus,Myotis_capaccinii,0.2
Phlebovirus,Pipistrellus_subflavus,0.2
Phlebovirus,Hipposideros_bicolor,0.2
Phlebovirus,Chalinolobus_morio,0.2
Phlebovirus,Miniopterus_magnater,0.2
Phlebovirus,Myotis_dasycneme,0.2
Phlebovirus,Falsistrellus_mackenziei,0.2
Phlebovirus,Myotis_riparius,0.2
Phlebovirus,Carollia_brevicauda,0.2
Phlebovirus,Pipistrellus_pygmaeus,0.2
Phlebovirus,Murina_leucogaster,0.2
Phlebovirus,Vespadelus_regulus,0.2
Phlebovirus,Nyctinomops_laticaudatus,0.2
Phlebovirus,Tadarida_brasiliensis,0.2
Phlebovirus,Myotis_velifer,0.2
Phlebovirus,Nyctalus_lasiopterus,0.2
Phlebovirus,Rhinolophus_shameli,0.2
Phlebovirus,Glossophaga_soricina,0.2
Phlebovirus,Phyllostomus_hastatus,0.2
Phlebovirus,Myotis_volans,0.2
Phlebovirus,Hipposideros_lekaguli,0.2
Phlebovirus,Taphozous_theobaldi,0.2
Phlebovirus,Cardioderma_cor,0.2
Phlebovirus,Rhinolophus_pearsonii,0.2
Phlebovirus,Artibeus_obscurus,0.2
Phlebovirus,Pipistrellus_hesperidus,0.2
Phlebovirus,Rhinolophus_macrotis,0.2
Phlebovirus,Hipposideros_galeritus,0.2
Phlebovirus,Pipistrellus_inexspectatus,0.2
Phlebovirus,Rhinonicteris_aurantia,0.2
Phlebovirus,Ia_io,0.2
Phlebovirus,Artibeus_phaeotis,0.2
Phlebovirus,Myotis_blythii,0.2
Phlebovirus,Hipposideros_vittatus,0.2
Phlebovirus,Chalinolobus_gouldii,0.2
Phlebovirus,Hipposideros_gigas,0.2
Phlebovirus,Rhinolophus_simulator,0.2
Phlebovirus,Nyctalus_plancyi,0.2
Phlebovirus,Rhinolophus_hipposideros,0.2
Phlebovirus,Mystacina_tuberculata,0.2
Phlebovirus,Ptenochirus_jagori,0.2
Phlebovirus,Eptesicus_fuscus,0.2
Phlebovirus,Rhinolophus_megaphyllus,0.2
Phlebovirus,Myotis_brandtii,0.2
Phlebovirus,Myotis_lucifugus,0.2
Phlebovirus,Dyacopterus_spadiceus,0.2
Phlebovirus,Rhinolophus_pusillus,0.2
Phlebovirus,Sturnira_lilium,0.2
Phlebovirus,Rhinolophus_mehelyi,0.2
Vesiculovirus,Rousettus_aegyptiacus,1.0
Vesiculovirus,Myotis_septentrionalis,0.8
Vesiculovirus,Molossus_rufus,0.8
Vesiculovirus,Pteropus_alecto,0.6
Vesiculovirus,Rousettus_leschenaultii,0.6
Vesiculovirus,Myotis_keenii,0.6
Vesiculovirus,Eidolon_helvum,0.6
Vesiculovirus,Scotophilus_kuhlii,0.6
Vesiculovirus,Myotis_nigricans,0.6
Vesiculovirus,Molossus_molossus,0.6
Vesiculovirus,Tadarida_brasiliensis,0.6
Vesiculovirus,Pteronotus_parnellii,0.6
Vesiculovirus,Cynopterus_sphinx,0.6
Vesiculovirus,Eptesicus_fuscus,0.6
Vesiculovirus,Myotis_lucifugus,0.6
Vesiculovirus,Uroderma_bilobatum,0.6
Vesiculovirus,Taphozous_perforatus,0.4
Vesiculovirus,Rhinolophus_ferrumequinum,0.4
Vesiculovirus,Cynopterus_brachyotis,0.4
Vesiculovirus,Phyllostomus_discolor,0.4
Vesiculovirus,Artibeus_cinereus,0.4
Vesiculovirus,Lasiurus_cinereus,0.4
Vesiculovirus,Myotis_mystacinus,0.4
Vesiculovirus,Epomops_franqueti,0.4
Vesiculovirus,Natalus_tumidirostris,0.4
Vesiculovirus,Miniopterus_schreibersii,0.4
Vesiculovirus,Anoura_geoffroyi,0.4
Vesiculovirus,Pteronotus_davyi,0.4
Vesiculovirus,Taphozous_melanopogon,0.4
Vesiculovirus,Mormoops_megalophylla,0.4
Vesiculovirus,Chaerephon_pumilus,0.4
Vesiculovirus,Pteropus_scapulatus,0.4
Vesiculovirus,Carollia_brevicauda,0.4
Vesiculovirus,Murina_leucogaster,0.4
Vesiculovirus,Nycteris_gambiensis,0.4
Vesiculovirus,Plecotus_auritus,0.4
Vesiculovirus,Pipistrellus_pipistrellus,0.4
Vesiculovirus,Eonycteris_spelaea,0.4
Vesiculovirus,Platyrrhinus_helleri,0.4
Vesiculovirus,Barbastella_barbastellus,0.4
Vesiculovirus,Rhinolophus_pusillus,0.4
Vesiculovirus,Myotis_austroriparius,0.2
Vesiculovirus,Macroglossus_minimus,0.2
Vesiculovirus,Eumops_patagonicus,0.2
Vesiculovirus,Myotis_californicus,0.2
Vesiculovirus,Pipistrellus_nathusii,0.2
Vesiculovirus,Pteropus_lylei,0.2
Vesiculovirus,Artibeus_toltecus,0.2
Vesiculovirus,Eumops_auripendulus,0.2
Vesiculovirus,Histiotus_velatus,0.2
Vesiculovirus,Myotis_levis,0.2
Vesiculovirus,Platyrrhinus_lineatus,0.2
Vesiculovirus,Nycteris_thebaica,0.2
Vesiculovirus,Epomophorus_wahlbergi,0.2
Vesiculovirus,Rhinolophus_rouxii,0.2
Vesiculovirus,Sturnira_ludovici,0.2
Vesiculovirus,Lasiurus_blossevillii,0.2
Vesiculovirus,Pteropus_conspicillatus,0.2
Vesiculovirus,Vespertilio_sinensis,0.2
Vesiculovirus,Histiotus_montanus,0.2
Vesiculovirus,Hipposideros_cineraceus,0.2
Vesiculovirus,Lasiurus_seminolus,0.2
Vesiculovirus,Myotis_myotis,0.2
Vesiculovirus,Myotis_chiloensis,0.2
Vesiculovirus,Eptesicus_furinalis,0.2
Vesiculovirus,Carollia_subrufa,0.2
Vesiculovirus,Lasiurus_intermedius,0.2
Vesiculovirus,Artibeus_fimbriatus,0.2
Vesiculovirus,Glossophaga_commissarisi,0.2
Vesiculovirus,Epomophorus_labiatus,0.2
Vesiculovirus,Scotophilus_nigrita,0.2
Vesiculovirus,Miniopterus_inflatus,0.2
Vesiculovirus,Molossops_neglectus,0.2
Vesiculovirus,Pteropus_giganteus,0.2
Vesiculovirus,Corynorhinus_townsendii,0.2
Vesiculovirus,Rhynchonycteris_naso,0.2
Vesiculovirus,Nyctalus_noctula,0.2
Vesiculovirus,Cynomops_planirostris,0.2
Vesiculovirus,Philetor_brachypterus,0.2
Vesiculovirus,Diaemus_youngi,0.2
Vesiculovirus,Myotis_albescens,0.2
Vesiculovirus,Saccolaimus_flaviventris,0.2
Vesiculovirus,Natalus_stramineus,0.2
Vesiculovirus,Mimon_crenulatum,0.2
Vesiculovirus,Eumops_glaucinus,0.2
Vesiculovirus,Hipposideros_armiger,0.2
Vesiculovirus,Macrotus_californicus,0.2
Vesiculovirus,Eptesicus_diminutus,0.2
Vesiculovirus,Hipposideros_pomona,0.2
Vesiculovirus,Vespadelus_pumilus,0.2
Vesiculovirus,Diphylla_ecaudata,0.2
Vesiculovirus,Diclidurus_albus,0.2
Vesiculovirus,Cynomops_abrasus,0.2
Vesiculovirus,Chaerephon_plicatus,0.2
Vesiculovirus,Nyctinomops_macrotis,0.2
Vesiculovirus,Myotis_nattereri,0.2
Vesiculovirus,Lasiurus_borealis,0.2
Vesiculovirus,Myotis_leibii,0.2
Vesiculovirus,Rousettus_amplexicaudatus,0.2
Vesiculovirus,Myotis_yumanensis,0.2
Vesiculovirus,Nycticeius_humeralis,0.2
Vesiculovirus,Pipistrellus_subflavus,0.2
Vesiculovirus,Hipposideros_caffer,0.2
Vesiculovirus,Hipposideros_bicolor,0.2
Vesiculovirus,Myotis_dasycneme,0.2
Vesiculovirus,Lasiurus_ega,0.2
Vesiculovirus,Pteropus_vampyrus,0.2
Vesiculovirus,Myotis_riparius,0.2
Vesiculovirus,Eptesicus_brasiliensis,0.2
Vesiculovirus,Myotis_thysanodes,0.2
Vesiculovirus,Nyctinomops_laticaudatus,0.2
Vesiculovirus,Murina_aurata,0.2
Vesiculovirus,Hipposideros_speoris,0.2
Vesiculovirus,Saccolaimus_saccolaimus,0.2
Vesiculovirus,Myotis_velifer,0.2
Vesiculovirus,Eptesicus_serotinus,0.2
Vesiculovirus,Myotis_daubentonii,0.2
Vesiculovirus,Pteropus_poliocephalus,0.2
Vesiculovirus,Tadarida_teniotis,0.2
Vesiculovirus,Epomops_dobsonii,0.2
Vesiculovirus,Micronycteris_megalotis,0.2
Vesiculovirus,Myotis_macrodactylus,0.2
Vesiculovirus,Myotis_volans,0.2
Vesiculovirus,Hypsignathus_monstrosus,0.2
Vesiculovirus,Taphozous_theobaldi,0.2
Vesiculovirus,Epomophorus_gambianus,0.2
Vesiculovirus,Leptonycteris_curasoae,0.2
Vesiculovirus,Chrotopterus_auritus,0.2
Vesiculovirus,Leptonycteris_nivalis,0.2
Vesiculovirus,Pipistrellus_hesperus,0.2
Vesiculovirus,Sturnira_tildae,0.2
Vesiculovirus,Myotis_blythii,0.2
Vesiculovirus,Vespertilio_murinus,0.2
Vesiculovirus,Pipistrellus_abramus,0.2
Vesiculovirus,Hipposideros_lankadiva,0.2
Vesiculovirus,Glossophaga_morenoi,0.2
Vesiculovirus,Myotis_grisescens,0.2
Vesiculovirus,Euderma_maculatum,0.2
Vesiculovirus,Antrozous_pallidus,0.2
Vesiculovirus,Lasiurus_xanthinus,0.2
Vesiculovirus,Glossophaga_longirostris,0.2
Vesiculovirus,Pteropus_hypomelanus,0.2
Vesiculovirus,Eumops_perotis,0.2
Vesiculovirus,Lasiurus_egregius,0.2
Vesiculovirus,Lasionycteris_noctivagans,0.2
Vesiculovirus,Myotis_evotis,0.2
Vesiculovirus,Micropteropus_pusillus,0.2
